IP,URL,METHOD,TIMESTAMP
localhost:3000,/inspect/http,GET,2024-09-14 17:37:27 Sat
localhost:3000,/inspect/http,GET,2024-09-14 17:37:50 Sat
localhost:3000,/inspect/http,GET,2024-09-14 17:38:12 Sat
localhost:3000,/inspect/http,GET,2024-09-14 17:38:39 Sat
localhost:3000,/inspect/http,GET,2024-09-14 17:39:34 Sat
localhost:3000,/status,GET,2024-09-14 17:40:14 Sat
localhost:3000,/inspect/http,GET,2024-09-14 17:41:44 Sat
localhost:3000,/inspect/http,GET,2024-09-14 17:42:34 Sat
localhost:3000,/inspect/http,GET,2024-09-14 17:43:07 Sat
localhost:3000,/inspect/http,GET,2024-09-14 17:43:37 Sat
localhost:3000,/inspect/http,GET,2024-09-14 17:45:21 Sat
localhost:3000,/inspect/http,GET,2024-09-14 17:45:34 Sat
localhost:3000,/inspect/http,GET,2024-09-14 17:45:58 Sat
localhost:3000,/inspect/http,GET,2024-09-14 17:46:30 Sat
localhost:3000,/inspect/http,GET,2024-09-14 17:46:31 Sat
localhost:3000,/inspect/http,GET,2024-09-14 17:46:34 Sat
localhost:3000,/inspect/http,GET,2024-09-14 17:46:34 Sat
localhost:3000,/status,GET,2024-09-14 17:46:37 Sat
localhost:3000,/,GET,2024-09-14 17:46:38 Sat
localhost:3000,/,GET,2024-09-14 17:46:40 Sat
localhost:3000,/inspect,GET,2024-09-14 17:46:41 Sat
localhost:3000,/status,GET,2024-09-14 17:46:44 Sat
localhost:3000,/inspect,GET,2024-09-14 17:46:45 Sat
localhost:3000,/inspect,GET,2024-09-14 17:47:08 Sat
localhost:3000,/status,GET,2024-09-14 17:47:09 Sat
localhost:3000,/inspect,GET,2024-09-14 17:47:10 Sat
localhost:3000,/status,GET,2024-09-14 17:47:11 Sat
localhost:3000,/inspect,GET,2024-09-14 17:47:12 Sat
localhost:3000,/status,GET,2024-09-14 17:47:12 Sat
localhost:3000,/inspect,GET,2024-09-14 17:47:13 Sat
localhost:3000,/status,GET,2024-09-14 17:47:13 Sat
localhost:3000,/inspect,GET,2024-09-14 17:47:14 Sat
localhost:3000,/status,GET,2024-09-14 17:47:14 Sat
localhost:3000,/status,GET,2024-09-14 17:48:32 Sat
localhost:3000,/status,GET,2024-09-14 17:48:33 Sat
localhost:3000,/,GET,2024-09-14 17:48:33 Sat
localhost:3000,/inspect,GET,2024-09-14 17:48:34 Sat
localhost:3000,/status,GET,2024-09-14 17:48:35 Sat
localhost:3000,/,GET,2024-09-14 17:48:35 Sat
localhost:3000,/inspect,GET,2024-09-14 17:48:36 Sat
localhost:3000,/status,GET,2024-09-14 17:48:36 Sat
localhost:3000,/,GET,2024-09-14 17:48:37 Sat
localhost:3000,/inspect,GET,2024-09-14 17:48:37 Sat
localhost:3000,/status,GET,2024-09-14 17:48:38 Sat
localhost:3000,/,GET,2024-09-14 17:48:39 Sat
localhost:3000,/,GET,2024-09-16 13:54:29 Mon
localhost:3000,/favicon.ico,GET,2024-09-16 13:54:29 Mon
localhost:3000,/,GET,2024-09-16 13:54:39 Mon
localhost:3000,/favicon.ico,GET,2024-09-16 13:54:39 Mon
localhost:3000,/,GET,2024-09-16 13:55:09 Mon
localhost:3000,/favicon.ico,GET,2024-09-16 13:55:09 Mon
localhost:3000,/register,POST,2024-09-16 14:00:17 Mon
localhost:3000,/register,POST,2024-09-16 14:01:37 Mon
localhost:3000,/register,POST,2024-09-16 14:07:02 Mon
localhost:3000,/register,POST,2024-09-16 14:07:30 Mon
localhost:3000,/login,POST,2024-09-16 14:44:58 Mon
localhost:3000,/login,POST,2024-09-16 14:44:58 Mon
localhost:3000,/login,POST,2024-09-16 14:48:32 Mon
localhost:3000,/login,POST,2024-09-16 14:52:01 Mon
localhost:3000,/register,POST,2024-09-16 14:52:36 Mon
127.0.0.1,/register,POST,2024-09-16 14:52:36 Mon
localhost:3000,/register,POST,2024-09-16 14:53:00 Mon
localhost:3000,/register,POST,2024-09-16 14:55:08 Mon
localhost:3000,/register,POST,2024-09-16 14:55:45 Mon
localhost:3000,/register,POST,2024-09-16 14:58:03 Mon
localhost:3000,/register,POST,2024-09-16 15:00:06 Mon
localhost:3000,/register,POST,2024-09-16 15:01:04 Mon
localhost:3000,/login,POST,2024-09-16 15:01:31 Mon
localhost:3000,/login,POST,2024-09-16 15:07:38 Mon
localhost:3000,/login,POST,2024-09-16 15:09:45 Mon
localhost:3000,/login,POST,2024-09-16 15:10:26 Mon
localhost:3000,/login,POST,2024-09-16 15:10:45 Mon
localhost:3000,/login,POST,2024-09-16 15:10:47 Mon
localhost:3000,/login,POST,2024-09-16 15:11:25 Mon
localhost:3000,/login,POST,2024-09-16 15:11:29 Mon
localhost:3000,/login,POST,2024-09-16 15:11:31 Mon
localhost:3000,/login,POST,2024-09-16 15:11:33 Mon
localhost:3000,/login,POST,2024-09-16 15:11:59 Mon
localhost:3000,/login,POST,2024-09-16 15:12:53 Mon
localhost:3000,/login,POST,2024-09-16 15:15:12 Mon
localhost:3000,/login,POST,2024-09-16 15:15:53 Mon
localhost:3000,/login,POST,2024-09-16 15:17:15 Mon
localhost:3000,/login,POST,2024-09-16 15:18:33 Mon
localhost:3000,/,GET,2024-09-16 15:21:07 Mon
localhost:3000,/,GET,2024-09-16 15:21:36 Mon
localhost:3000,/,GET,2024-09-16 15:22:01 Mon
localhost:3000,/,GET,2024-09-16 15:23:00 Mon
localhost:3000,/,GET,2024-09-16 15:23:17 Mon
localhost:3000,/,GET,2024-09-16 15:23:29 Mon
localhost:3000,/login,POST,2024-09-16 15:26:35 Mon
localhost:3000,/,GET,2024-09-16 15:26:47 Mon
localhost:3000,/[object%20Promise],GET,2024-09-16 15:26:47 Mon
localhost:3000,/[object%20Promise],GET,2024-09-16 15:26:59 Mon
localhost:3000,/[object%20Promise],GET,2024-09-16 15:27:00 Mon
localhost:3000,/[object%20Promise],GET,2024-09-16 15:27:16 Mon
localhost:3000,/[object%20Promise],GET,2024-09-16 15:27:16 Mon
localhost:3000,/[object%20Promise],GET,2024-09-16 15:27:17 Mon
localhost:3000,/[object%20Promise],GET,2024-09-16 15:27:17 Mon
localhost:3000,/[object%20Promise],GET,2024-09-16 15:27:17 Mon
localhost:3000,/[object%20Promise],GET,2024-09-16 15:27:52 Mon
localhost:3000,/[object%20Promise],GET,2024-09-16 15:27:52 Mon
localhost:3000,/,GET,2024-09-16 15:27:56 Mon
localhost:3000,/,GET,2024-09-16 15:28:19 Mon
localhost:3000,/models/,GET,2024-09-16 15:28:19 Mon
localhost:3000,/,GET,2024-09-16 15:28:54 Mon
localhost:3000,/models/66e7fad88f8bfd0210a50bc0.jpg,GET,2024-09-16 15:28:54 Mon
localhost:3000,/,GET,2024-09-16 15:29:12 Mon
localhost:3000,/login,POST,2024-09-16 15:33:29 Mon
localhost:3000,/login,POST,2024-09-16 15:33:47 Mon
localhost:3000,/login,POST,2024-09-16 15:34:12 Mon
localhost:3000,/login,POST,2024-09-16 15:37:11 Mon
localhost:3000,/login,POST,2024-09-16 15:38:36 Mon
localhost:3000,/login,POST,2024-09-16 15:39:49 Mon
localhost:3000,/login,POST,2024-09-16 15:40:30 Mon
localhost:3000,/login,POST,2024-09-16 15:41:47 Mon
localhost:3000,/login,POST,2024-09-16 15:44:31 Mon
localhost:3000,/login,POST,2024-09-16 15:51:44 Mon
localhost:3000,/login,POST,2024-09-16 15:52:31 Mon
localhost:3000,/login,POST,2024-09-16 15:52:36 Mon
localhost:3000,/login,POST,2024-09-16 15:53:17 Mon
localhost:3000,/login,POST,2024-09-16 15:53:23 Mon
localhost:3000,/login,POST,2024-09-16 15:53:24 Mon
localhost:3000,/login,POST,2024-09-16 15:53:47 Mon
localhost:3000,/login,POST,2024-09-16 15:53:48 Mon
localhost:3000,/login,POST,2024-09-16 15:53:49 Mon
localhost:3000,/login,POST,2024-09-16 15:54:04 Mon
localhost:3000,/login,POST,2024-09-16 15:54:05 Mon
localhost:3000,/login,POST,2024-09-16 15:54:43 Mon
localhost:3000,/login,POST,2024-09-16 15:54:57 Mon
localhost:3000,/login,POST,2024-09-16 15:55:43 Mon
localhost:3000,/login,POST,2024-09-16 16:13:19 Mon
localhost:3000,/,GET,2024-09-16 18:14:14 Mon
localhost:3000,/favicon.ico,GET,2024-09-16 18:14:14 Mon
localhost:3000,/users,GET,2024-09-16 18:14:19 Mon
localhost:3000,/users,GET,2024-09-16 18:14:49 Mon
localhost:3000,/users,GET,2024-09-16 18:15:40 Mon
localhost:3000,/users,GET,2024-09-16 18:15:51 Mon
localhost:3000,/users,GET,2024-09-16 18:16:10 Mon
localhost:3000,/users,GET,2024-09-16 18:16:22 Mon
localhost:3000,/users,GET,2024-09-16 18:16:31 Mon
localhost:3000,/users,GET,2024-09-16 18:16:44 Mon
localhost:3000,/users,GET,2024-09-16 18:16:47 Mon
localhost:3000,/users,GET,2024-09-16 18:16:57 Mon
localhost:3000,/users,GET,2024-09-16 18:16:59 Mon
localhost:3000,/users,GET,2024-09-16 18:17:24 Mon
127.0.0.1,/users,GET,2024-09-16 18:17:37 Mon
localhost:3000,/users,GET,2024-09-16 18:18:00 Mon
localhost:3000,/users,GET,2024-09-16 18:19:16 Mon
localhost:3000,/users,GET,2024-09-16 18:19:40 Mon
localhost:3000,/users,GET,2024-09-16 18:19:41 Mon
localhost:3000,/users,GET,2024-09-16 18:19:54 Mon
localhost:3000,/users,GET,2024-09-16 18:20:21 Mon
localhost:3000,/users,GET,2024-09-16 18:20:31 Mon
localhost:3000,/users,GET,2024-09-16 18:20:49 Mon
localhost:3000,/users,GET,2024-09-16 18:20:55 Mon
localhost:3000,/users,GET,2024-09-16 18:21:05 Mon
localhost:3000,/users,GET,2024-09-16 18:21:22 Mon
localhost:3000,/users,GET,2024-09-16 18:21:36 Mon
localhost:3000,/users,GET,2024-09-16 18:22:10 Mon
localhost:3000,/users,GET,2024-09-16 18:22:20 Mon
localhost:3000,/users,GET,2024-09-16 18:22:33 Mon
localhost:3000,/users,GET,2024-09-16 18:24:04 Mon
localhost:3000,/users,GET,2024-09-16 18:24:39 Mon
localhost:3000,/users,GET,2024-09-16 18:24:51 Mon
localhost:3000,/users,GET,2024-09-16 18:25:10 Mon
localhost:3000,/users,GET,2024-09-16 18:25:25 Mon
localhost:3000,/users,GET,2024-09-16 18:25:41 Mon
localhost:3000,/users,GET,2024-09-16 18:25:56 Mon
localhost:3000,/users,GET,2024-09-16 18:26:07 Mon
localhost:3000,/users,GET,2024-09-16 18:26:21 Mon
localhost:3000,/users,GET,2024-09-16 18:26:28 Mon
localhost:3000,/users,GET,2024-09-16 18:27:00 Mon
localhost:3000,/users,GET,2024-09-16 18:27:29 Mon
localhost:3000,/users,GET,2024-09-16 18:27:45 Mon
localhost:3000,/login,POST,2024-09-16 19:08:57 Mon
localhost:3000,/login,POST,2024-09-16 19:08:58 Mon
localhost:3000,/login,POST,2024-09-16 19:09:00 Mon
localhost:3000,/login,POST,2024-09-16 19:09:01 Mon
localhost:3000,/login,POST,2024-09-16 19:09:02 Mon
localhost:3000,/login,POST,2024-09-16 19:09:03 Mon
localhost:3000,/login,POST,2024-09-16 19:09:04 Mon
localhost:3000,/login,POST,2024-09-16 19:09:05 Mon
localhost:3000,/login,POST,2024-09-16 19:09:06 Mon
localhost:3000,/login,POST,2024-09-16 19:09:07 Mon
localhost:3000,/login,POST,2024-09-16 19:09:08 Mon
localhost:3000,/login,POST,2024-09-16 19:09:09 Mon
localhost:3000,/login,POST,2024-09-16 19:09:11 Mon
localhost:3000,/login,POST,2024-09-16 19:09:12 Mon
localhost:3000,/login,POST,2024-09-16 19:09:13 Mon
localhost:3000,/login,POST,2024-09-16 19:09:14 Mon
localhost:3000,/login,POST,2024-09-16 19:09:15 Mon
localhost:3000,/login,POST,2024-09-16 19:09:16 Mon
localhost:3000,/login,POST,2024-09-16 19:09:17 Mon
localhost:3000,/login,POST,2024-09-16 19:09:18 Mon
localhost:3000,/login,POST,2024-09-16 19:09:19 Mon
localhost:3000,/login,POST,2024-09-16 19:09:20 Mon
localhost:3000,/login,POST,2024-09-16 19:09:21 Mon
localhost:3000,/login,POST,2024-09-16 19:09:22 Mon
localhost:3000,/login,POST,2024-09-16 19:09:23 Mon
localhost:3000,/login,POST,2024-09-16 19:09:24 Mon
localhost:3000,/login,POST,2024-09-16 19:09:25 Mon
localhost:3000,/login,POST,2024-09-16 19:09:26 Mon
localhost:3000,/login,POST,2024-09-16 19:09:27 Mon
localhost:3000,/login,POST,2024-09-16 19:09:28 Mon
localhost:3000,/login,POST,2024-09-16 19:09:30 Mon
localhost:3000,/login,POST,2024-09-16 19:09:31 Mon
localhost:3000,/login,POST,2024-09-16 19:09:32 Mon
localhost:3000,/login,POST,2024-09-16 19:09:33 Mon
localhost:3000,/login,POST,2024-09-16 19:09:34 Mon
localhost:3000,/login,POST,2024-09-16 19:09:35 Mon
localhost:3000,/login,POST,2024-09-16 19:09:36 Mon
localhost:3000,/login,POST,2024-09-16 19:09:37 Mon
localhost:3000,/login,POST,2024-09-16 19:09:38 Mon
localhost:3000,/login,POST,2024-09-16 19:09:39 Mon
localhost:3000,/login,POST,2024-09-16 19:09:40 Mon
localhost:3000,/login,POST,2024-09-16 19:09:41 Mon
localhost:3000,/login,POST,2024-09-16 19:09:42 Mon
localhost:3000,/login,POST,2024-09-16 19:09:43 Mon
localhost:3000,/login,POST,2024-09-16 19:09:44 Mon
localhost:3000,/login,POST,2024-09-16 19:09:45 Mon
localhost:3000,/login,POST,2024-09-16 19:09:46 Mon
localhost:3000,/login,POST,2024-09-16 19:09:47 Mon
localhost:3000,/login,POST,2024-09-16 19:09:48 Mon
localhost:3000,/login,POST,2024-09-16 19:09:49 Mon
127.0.0.1,/login,POST,2024-09-16 19:09:55 Mon
127.0.0.1,/login,POST,2024-09-16 19:09:55 Mon
localhost:3000,/login,POST,2024-09-16 19:09:56 Mon
localhost:3000,/login,POST,2024-09-16 19:09:57 Mon
localhost:3000,/login,POST,2024-09-16 19:09:58 Mon
localhost:3000,/login,POST,2024-09-16 19:09:59 Mon
localhost:3000,/login,POST,2024-09-16 19:10:00 Mon
localhost:3000,/login,POST,2024-09-16 19:10:01 Mon
localhost:3000,/login,POST,2024-09-16 19:10:02 Mon
localhost:3000,/login,POST,2024-09-16 19:10:18 Mon
localhost:3000,/login,POST,2024-09-16 19:11:06 Mon
localhost:3000,/login,POST,2024-09-16 19:11:07 Mon
localhost:3000,/login,POST,2024-09-16 19:11:08 Mon
localhost:3000,/login,POST,2024-09-16 19:11:09 Mon
localhost:3000,/login,POST,2024-09-16 19:11:10 Mon
localhost:3000,/login,POST,2024-09-16 19:11:11 Mon
localhost:3000,/login,POST,2024-09-16 19:11:12 Mon
localhost:3000,/login,POST,2024-09-16 19:11:13 Mon
localhost:3000,/login,POST,2024-09-16 19:11:14 Mon
localhost:3000,/login,POST,2024-09-16 19:11:15 Mon
localhost:3000,/login,POST,2024-09-16 19:11:16 Mon
127.0.0.1,/login,POST,2024-09-16 19:11:20 Mon
127.0.0.1,/login,POST,2024-09-16 19:11:21 Mon
127.0.0.1,/login,POST,2024-09-16 19:11:22 Mon
127.0.0.1,/login,POST,2024-09-16 19:11:23 Mon
127.0.0.1,/login,POST,2024-09-16 19:11:24 Mon
127.0.0.1,/login,POST,2024-09-16 19:11:25 Mon
127.0.0.1,/login,POST,2024-09-16 19:11:26 Mon
127.0.0.1,/login,POST,2024-09-16 19:11:27 Mon
127.0.0.1,/login,POST,2024-09-16 19:11:28 Mon
127.0.0.1,/login,POST,2024-09-16 19:11:29 Mon
127.0.0.1,/login,POST,2024-09-16 19:11:30 Mon
127.0.0.1,/login,POST,2024-09-16 19:11:31 Mon
127.0.0.1,/login,POST,2024-09-16 19:11:32 Mon
127.0.0.1,/login,POST,2024-09-16 19:11:33 Mon
127.0.0.1,/login,POST,2024-09-16 19:11:34 Mon
127.0.0.1,/login,POST,2024-09-16 19:11:35 Mon
127.0.0.1,/login,POST,2024-09-16 19:11:36 Mon
127.0.0.1,/login,POST,2024-09-16 19:11:37 Mon
127.0.0.1,/login,POST,2024-09-16 19:11:38 Mon
127.0.0.1,/login,POST,2024-09-16 19:11:39 Mon
127.0.0.1,/login,POST,2024-09-16 19:11:40 Mon
127.0.0.1,/login,POST,2024-09-16 19:11:41 Mon
127.0.0.1,/login,POST,2024-09-16 19:11:42 Mon
127.0.0.1,/login,POST,2024-09-16 19:11:43 Mon
127.0.0.1,/login,POST,2024-09-16 19:11:44 Mon
127.0.0.1,/login,POST,2024-09-16 19:11:45 Mon
127.0.0.1,/login,POST,2024-09-16 19:11:46 Mon
127.0.0.1,/login,POST,2024-09-16 19:11:47 Mon
127.0.0.1,/login,POST,2024-09-16 19:11:48 Mon
127.0.0.1,/login,POST,2024-09-16 19:11:49 Mon
127.0.0.1,/login,POST,2024-09-16 19:11:50 Mon
127.0.0.1,/login,POST,2024-09-16 19:11:51 Mon
127.0.0.1,/login,POST,2024-09-16 19:11:52 Mon
127.0.0.1,/login,POST,2024-09-16 19:11:53 Mon
127.0.0.1,/login,POST,2024-09-16 19:11:54 Mon
127.0.0.1,/login,POST,2024-09-16 19:11:55 Mon
127.0.0.1,/login,POST,2024-09-16 19:11:56 Mon
127.0.0.1,/login,POST,2024-09-16 19:11:57 Mon
127.0.0.1,/login,POST,2024-09-16 19:11:58 Mon
127.0.0.1,/login,POST,2024-09-16 19:11:59 Mon
127.0.0.1,/login,POST,2024-09-16 19:12:00 Mon
127.0.0.1,/login,POST,2024-09-16 19:12:01 Mon
127.0.0.1,/login,POST,2024-09-16 19:12:02 Mon
127.0.0.1,/login,POST,2024-09-16 19:12:03 Mon
127.0.0.1,/login,POST,2024-09-16 19:12:04 Mon
127.0.0.1,/login,POST,2024-09-16 19:12:05 Mon
127.0.0.1,/login,POST,2024-09-16 19:12:06 Mon
127.0.0.1,/login,POST,2024-09-16 19:12:07 Mon
127.0.0.1,/login,POST,2024-09-16 19:12:08 Mon
127.0.0.1,/login,POST,2024-09-16 19:12:09 Mon
127.0.0.1,/login,POST,2024-09-16 19:12:10 Mon
127.0.0.1,/login,POST,2024-09-16 19:12:11 Mon
127.0.0.1,/login,POST,2024-09-16 19:12:12 Mon
127.0.0.1,/login,POST,2024-09-16 19:12:13 Mon
127.0.0.1,/login,POST,2024-09-16 19:12:14 Mon
127.0.0.1,/login,POST,2024-09-16 19:12:15 Mon
127.0.0.1,/login,POST,2024-09-16 19:12:16 Mon
127.0.0.1,/login,POST,2024-09-16 19:12:16 Mon
127.0.0.1,/login,POST,2024-09-16 19:12:17 Mon
127.0.0.1,/login,POST,2024-09-16 19:12:18 Mon
127.0.0.1,/login,POST,2024-09-16 19:12:19 Mon
127.0.0.1,/login,POST,2024-09-16 19:12:20 Mon
127.0.0.1,/login,POST,2024-09-16 19:12:23 Mon
127.0.0.1,/login,POST,2024-09-16 19:12:25 Mon
127.0.0.1,/login,POST,2024-09-16 19:12:26 Mon
127.0.0.1,/login,POST,2024-09-16 19:12:27 Mon
127.0.0.1,/login,POST,2024-09-16 19:12:28 Mon
127.0.0.1,/login,POST,2024-09-16 19:12:30 Mon
127.0.0.1,/login,POST,2024-09-16 19:12:31 Mon
127.0.0.1,/login,POST,2024-09-16 19:12:32 Mon
127.0.0.1,/login,POST,2024-09-16 19:12:33 Mon
127.0.0.1,/login,POST,2024-09-16 19:12:34 Mon
127.0.0.1,/login,POST,2024-09-16 19:12:35 Mon
127.0.0.1,/login,POST,2024-09-16 19:12:36 Mon
127.0.0.1,/login,POST,2024-09-16 19:12:37 Mon
127.0.0.1,/login,POST,2024-09-16 19:12:38 Mon
localhost:3000,/login,GET,2024-09-16 19:13:28 Mon
localhost:3000,/login,GET,2024-09-16 19:14:45 Mon
localhost:3000,/login,GET,2024-09-16 19:15:08 Mon
localhost:3000,/login,GET,2024-09-16 19:15:34 Mon
localhost:3000,/login,GET,2024-09-16 19:15:41 Mon
localhost:3000,/login,GET,2024-09-16 19:15:44 Mon
localhost:3000,/login,GET,2024-09-16 19:15:44 Mon
localhost:3000,/login,GET,2024-09-16 19:16:01 Mon
localhost:3000,/login,GET,2024-09-16 19:16:27 Mon
localhost:3000,/login,GET,2024-09-16 19:23:04 Mon
localhost:3000,/login,GET,2024-09-16 19:23:51 Mon
localhost:3000,/login,GET,2024-09-16 19:24:42 Mon
localhost:3000,/login,GET,2024-09-16 19:25:34 Mon
localhost:3000,/login,GET,2024-09-16 19:26:23 Mon
localhost:3000,/login,GET,2024-09-16 19:27:20 Mon
localhost:3000,/login,GET,2024-09-16 19:27:26 Mon
localhost:3000,/login,GET,2024-09-16 19:27:43 Mon
localhost:3000,/login,GET,2024-09-16 19:29:14 Mon
localhost:3000,/login,GET,2024-09-16 19:29:17 Mon
localhost:3000,/login,GET,2024-09-16 19:29:48 Mon
localhost:3000,/login,GET,2024-09-16 19:30:04 Mon
localhost:3000,/login,GET,2024-09-16 19:37:04 Mon
localhost:3000,/login,GET,2024-09-16 19:37:30 Mon
localhost:3000,/login,GET,2024-09-16 19:37:42 Mon
127.0.0.1,/login,GET,2024-09-16 19:38:26 Mon
127.0.0.1,/login,GET,2024-09-16 19:38:28 Mon
localhost:3000,/login,GET,2024-09-16 19:38:59 Mon
localhost:3000,/login,GET,2024-09-16 19:39:55 Mon
localhost:3000,/login,GET,2024-09-16 19:41:09 Mon
localhost:3000,/login,GET,2024-09-16 19:41:37 Mon
localhost:3000,/login,GET,2024-09-16 19:42:03 Mon
localhost:3000,/login,GET,2024-09-16 19:42:24 Mon
localhost:3000,/login,GET,2024-09-16 19:42:48 Mon
localhost:3000,/login,GET,2024-09-16 19:42:56 Mon
localhost:3000,/login,GET,2024-09-16 19:43:15 Mon
localhost:3000,/login,GET,2024-09-16 19:43:30 Mon
localhost:3000,/login,GET,2024-09-16 19:44:03 Mon
localhost:3000,/login,GET,2024-09-16 19:44:21 Mon
localhost:3000,/login,GET,2024-09-16 19:44:56 Mon
localhost:3000,/login,GET,2024-09-16 19:45:21 Mon
localhost:3000,/login,GET,2024-09-16 19:46:42 Mon
localhost:3000,/login,GET,2024-09-16 19:47:12 Mon
localhost:3000,/login,GET,2024-09-16 19:47:34 Mon
localhost:3000,/login,GET,2024-09-16 19:49:51 Mon
localhost:3000,/login,GET,2024-09-16 19:50:24 Mon
localhost:3000,/login,GET,2024-09-16 19:50:40 Mon
localhost:3000,/login,GET,2024-09-16 19:51:04 Mon
localhost:3000,/login,GET,2024-09-16 19:51:54 Mon
localhost:3000,/login,GET,2024-09-16 19:52:39 Mon
localhost:3000,/login,GET,2024-09-16 19:59:59 Mon
localhost:3000,/login,GET,2024-09-16 20:02:19 Mon
localhost:3000,/login,GET,2024-09-16 20:04:23 Mon
localhost:3000,/login,GET,2024-09-16 20:04:56 Mon
localhost:3000,/login,GET,2024-09-16 20:05:45 Mon
localhost:3000,/login,GET,2024-09-16 20:05:59 Mon
localhost:3000,/login,GET,2024-09-16 20:06:40 Mon
localhost:3000,/login,GET,2024-09-16 20:07:57 Mon
localhost:3000,/login,GET,2024-09-16 20:11:01 Mon
localhost:3000,/login,GET,2024-09-16 20:15:06 Mon
localhost:3000,/login,GET,2024-09-16 20:15:50 Mon
localhost:3000,/login,GET,2024-09-16 20:16:53 Mon
localhost:3000,/login,GET,2024-09-16 20:21:47 Mon
localhost:3000,/register,POST,2024-09-16 20:28:57 Mon
localhost:3000,/login,POST,2024-09-16 20:43:23 Mon
localhost:3000,/login,POST,2024-09-16 20:45:38 Mon
localhost:3000,/login,POST,2024-09-16 20:45:39 Mon
localhost:3000,/login,POST,2024-09-16 20:46:21 Mon
localhost:3000,/login,POST,2024-09-16 20:46:29 Mon
localhost:3000,/login,POST,2024-09-16 20:46:31 Mon
localhost:3000,/login,POST,2024-09-16 20:46:35 Mon
localhost:3000,/login,POST,2024-09-16 20:46:48 Mon
localhost:3000,/login,POST,2024-09-16 20:46:49 Mon
localhost:3000,/login,POST,2024-09-16 20:46:54 Mon
localhost:3000,/login,POST,2024-09-16 20:48:10 Mon
localhost:3000,/login,POST,2024-09-16 20:48:10 Mon
localhost:3000,/login,POST,2024-09-16 20:48:13 Mon
localhost:3000,/login,POST,2024-09-16 20:48:36 Mon
localhost:3000,/login,POST,2024-09-16 20:48:37 Mon
localhost:3000,/login,POST,2024-09-16 20:49:20 Mon
localhost:3000,/login,POST,2024-09-16 20:49:21 Mon
localhost:3000,/login,POST,2024-09-16 20:49:22 Mon
localhost:3000,/login,POST,2024-09-16 20:49:23 Mon
localhost:3000,/login,POST,2024-09-16 20:49:24 Mon
localhost:3000,/login,POST,2024-09-16 20:49:25 Mon
localhost:3000,/login,POST,2024-09-16 20:49:26 Mon
localhost:3000,/login,POST,2024-09-16 20:49:27 Mon
localhost:3000,/login,POST,2024-09-16 20:49:28 Mon
localhost:3000,/login,POST,2024-09-16 20:49:29 Mon
localhost:3000,/login,POST,2024-09-16 20:49:30 Mon
localhost:3000,/login,POST,2024-09-16 20:49:46 Mon
localhost:3000,/login,POST,2024-09-16 20:49:47 Mon
localhost:3000,/login,POST,2024-09-16 20:49:54 Mon
localhost:3000,/login,POST,2024-09-16 20:49:55 Mon
localhost:3000,/login,POST,2024-09-16 20:49:56 Mon
localhost:3000,/login,POST,2024-09-16 20:49:57 Mon
localhost:3000,/login,POST,2024-09-16 20:49:59 Mon
localhost:3000,/login,POST,2024-09-16 20:50:00 Mon
localhost:3000,/login,POST,2024-09-16 20:50:02 Mon
localhost:3000,/login,POST,2024-09-16 20:50:03 Mon
localhost:3000,/login,POST,2024-09-16 20:50:55 Mon
localhost:3000,/login,POST,2024-09-16 20:50:56 Mon
localhost:3000,/login,POST,2024-09-16 20:51:01 Mon
localhost:3000,/login,POST,2024-09-16 20:51:02 Mon
localhost:3000,/login,POST,2024-09-16 20:51:03 Mon
localhost:3000,/login,POST,2024-09-16 20:51:09 Mon
localhost:3000,/login,POST,2024-09-16 20:51:11 Mon
localhost:3000,/login,POST,2024-09-16 20:51:31 Mon
localhost:3000,/login,POST,2024-09-16 20:51:32 Mon
localhost:3000,/login,POST,2024-09-16 20:51:39 Mon
localhost:3000,/login,POST,2024-09-16 20:51:41 Mon
localhost:3000,/login,POST,2024-09-16 20:51:42 Mon
localhost:3000,/login,POST,2024-09-16 20:51:43 Mon
localhost:3000,/login,POST,2024-09-16 20:51:46 Mon
localhost:3000,/login,POST,2024-09-16 20:51:49 Mon
localhost:3000,/login,POST,2024-09-16 20:51:50 Mon
localhost:3000,/login,POST,2024-09-16 20:51:51 Mon
localhost:3000,/login,POST,2024-09-16 20:51:52 Mon
localhost:3000,/login,POST,2024-09-16 20:51:53 Mon
localhost:3000,/login,POST,2024-09-16 20:51:54 Mon
localhost:3000,/login,POST,2024-09-16 20:51:59 Mon
localhost:3000,/login,POST,2024-09-16 20:52:03 Mon
localhost:3000,/login,POST,2024-09-16 20:52:04 Mon
localhost:3000,/login,POST,2024-09-16 20:52:05 Mon
localhost:3000,/login,POST,2024-09-16 20:52:06 Mon
localhost:3000,/login,POST,2024-09-16 20:52:07 Mon
localhost:3000,/login,POST,2024-09-16 20:52:08 Mon
localhost:3000,/login,POST,2024-09-16 20:52:09 Mon
localhost:3000,/login,POST,2024-09-16 20:52:10 Mon
localhost:3000,/login,POST,2024-09-16 20:52:43 Mon
localhost:3000,/login,POST,2024-09-16 20:52:43 Mon
localhost:3000,/login,POST,2024-09-16 20:52:43 Mon
localhost:3000,/login,POST,2024-09-16 20:52:43 Mon
localhost:3000,/login,POST,2024-09-16 20:54:00 Mon
localhost:3000,/login,POST,2024-09-16 20:57:10 Mon
localhost:3000,/login,POST,2024-09-16 20:57:10 Mon
localhost:3000,/login,POST,2024-09-16 20:57:10 Mon
localhost:3000,/public/images/66e847b1843fd2430d7cf72d.jpg,GET,2024-09-16 20:57:10 Mon
localhost:3000,/login,POST,2024-09-16 20:57:50 Mon
localhost:3000,/login,POST,2024-09-16 20:59:41 Mon
localhost:3000,/login,POST,2024-09-16 20:59:53 Mon
localhost:3000,/login,POST,2024-09-16 20:59:55 Mon
localhost:3000,/login,POST,2024-09-16 20:59:56 Mon
localhost:3000,/login,POST,2024-09-16 21:00:13 Mon
localhost:3000,/login,POST,2024-09-16 21:00:15 Mon
localhost:3000,/login,POST,2024-09-16 21:00:17 Mon
localhost:3000,/login,POST,2024-09-16 21:00:20 Mon
localhost:3000,/login,POST,2024-09-16 21:00:30 Mon
localhost:3000,/login,POST,2024-09-16 21:01:36 Mon
localhost:3000,/login,POST,2024-09-16 21:01:36 Mon
localhost:3000,/login,POST,2024-09-16 21:01:36 Mon
localhost:3000,/login,POST,2024-09-16 21:01:37 Mon
localhost:3000,/login,POST,2024-09-16 21:01:55 Mon
localhost:3000,/login,POST,2024-09-16 21:01:56 Mon
localhost:3000,/login,POST,2024-09-16 21:01:57 Mon
localhost:3000,/login,POST,2024-09-16 21:01:59 Mon
localhost:3000,/login,POST,2024-09-16 21:02:00 Mon
localhost:3000,/login,POST,2024-09-16 21:02:07 Mon
localhost:3000,/login,POST,2024-09-16 21:02:07 Mon
localhost:3000,/login,POST,2024-09-16 21:02:09 Mon
localhost:3000,/login,POST,2024-09-16 21:02:11 Mon
localhost:3000,/login,POST,2024-09-16 21:02:12 Mon
localhost:3000,/login,POST,2024-09-16 21:02:22 Mon
localhost:3000,/login,POST,2024-09-16 21:02:23 Mon
localhost:3000,/login,POST,2024-09-16 21:02:29 Mon
localhost:3000,/login,POST,2024-09-16 21:02:30 Mon
localhost:3000,/login,POST,2024-09-16 21:02:31 Mon
localhost:3000,/login,POST,2024-09-16 21:02:32 Mon
localhost:3000,/login,POST,2024-09-16 21:02:39 Mon
localhost:3000,/login,POST,2024-09-16 21:02:40 Mon
localhost:3000,/login,POST,2024-09-16 21:03:36 Mon
localhost:3000,/login,POST,2024-09-16 21:03:36 Mon
localhost:3000,/login,POST,2024-09-16 21:03:37 Mon
localhost:3000,/login,POST,2024-09-16 21:03:38 Mon
localhost:3000,/login,POST,2024-09-16 21:03:40 Mon
localhost:3000,/login,POST,2024-09-16 21:03:42 Mon
localhost:3000,/login,POST,2024-09-16 21:03:45 Mon
localhost:3000,/login,POST,2024-09-16 21:03:46 Mon
localhost:3000,/login,POST,2024-09-16 21:03:48 Mon
localhost:3000,/login,POST,2024-09-16 21:03:49 Mon
localhost:3000,/login,POST,2024-09-16 21:03:52 Mon
localhost:3000,/login,POST,2024-09-16 21:03:54 Mon
localhost:3000,/login,POST,2024-09-16 21:04:00 Mon
localhost:3000,/login,POST,2024-09-16 21:04:01 Mon
localhost:3000,/login,POST,2024-09-16 21:04:02 Mon
localhost:3000,/login,POST,2024-09-16 21:04:04 Mon
localhost:3000,/login,POST,2024-09-16 21:04:06 Mon
localhost:3000,/login,POST,2024-09-16 21:06:18 Mon
localhost:3000,/register,POST,2024-09-16 21:06:49 Mon
localhost:3000,/register,POST,2024-09-16 21:15:05 Mon
localhost:3000,/register,POST,2024-09-16 21:18:01 Mon
localhost:3000,/register,POST,2024-09-16 21:18:47 Mon
localhost:3000,/login,POST,2024-09-16 21:18:52 Mon
localhost:3000,/login,POST,2024-09-16 21:18:53 Mon
localhost:3000,/login,POST,2024-09-16 21:18:55 Mon
localhost:3000,/login,POST,2024-09-16 21:18:57 Mon
localhost:3000,/login,POST,2024-09-16 21:18:58 Mon
localhost:3000,/login,POST,2024-09-16 21:19:00 Mon
localhost:3000,/login,POST,2024-09-16 21:19:03 Mon
localhost:3000,/login,POST,2024-09-16 21:19:05 Mon
localhost:3000,/login,POST,2024-09-17 08:51:34 Tue
localhost:3000,/login,POST,2024-09-17 08:51:34 Tue
localhost:3000,/login,POST,2024-09-17 08:51:34 Tue
localhost:3000,/login,POST,2024-09-17 08:51:40 Tue
localhost:3000,/login,POST,2024-09-17 08:51:42 Tue
localhost:3000,/login,POST,2024-09-17 08:51:45 Tue
localhost:3000,/login,POST,2024-09-17 08:51:46 Tue
localhost:3000,/login,POST,2024-09-17 08:51:49 Tue
localhost:3000,/login,POST,2024-09-17 08:51:51 Tue
localhost:3000,/login,POST,2024-09-17 08:51:53 Tue
localhost:3000,/login,POST,2024-09-17 08:51:55 Tue
localhost:3000,/login,POST,2024-09-17 08:51:56 Tue
localhost:3000,/login,POST,2024-09-17 08:52:01 Tue
localhost:3000,/login,POST,2024-09-17 08:52:03 Tue
localhost:3000,/login,POST,2024-09-17 08:52:07 Tue
localhost:3000,/login,POST,2024-09-17 08:52:08 Tue
localhost:3000,/login,POST,2024-09-17 08:52:10 Tue
localhost:3000,/login,POST,2024-09-17 08:52:15 Tue
localhost:3000,/login,POST,2024-09-17 08:52:16 Tue
localhost:3000,/login,POST,2024-09-17 08:52:17 Tue
localhost:3000,/login,POST,2024-09-17 08:52:24 Tue
localhost:3000,/login,POST,2024-09-17 08:52:25 Tue
localhost:3000,/register,POST,2024-09-17 08:53:18 Tue
localhost:3000,/login,POST,2024-09-17 08:53:25 Tue
localhost:3000,/login,POST,2024-09-17 08:53:26 Tue
localhost:3000,/login,POST,2024-09-17 08:53:35 Tue
localhost:3000,/login,POST,2024-09-17 08:53:37 Tue
localhost:3000,/login,POST,2024-09-17 08:53:38 Tue
localhost:3000,/login,POST,2024-09-17 08:53:39 Tue
localhost:3000,/login,POST,2024-09-17 08:53:41 Tue
localhost:3000,/login,POST,2024-09-17 08:53:42 Tue
localhost:3000,/login,POST,2024-09-17 08:53:44 Tue
localhost:3000,/login,POST,2024-09-17 09:56:00 Tue
localhost:3000,/login,POST,2024-09-17 09:56:00 Tue
localhost:3000,/login,POST,2024-09-17 09:56:02 Tue
localhost:3000,/login,POST,2024-09-17 09:56:03 Tue
localhost:3000,/login,POST,2024-09-17 09:56:05 Tue
localhost:3000,/login,POST,2024-09-17 09:56:07 Tue
localhost:3000,/login,POST,2024-09-17 09:56:11 Tue
localhost:3000,/login,POST,2024-09-17 09:56:12 Tue
localhost:3000,/login,POST,2024-09-17 09:56:13 Tue
localhost:3000,/login,POST,2024-09-17 10:02:11 Tue
localhost:3000,/login,POST,2024-09-17 10:02:11 Tue
localhost:3000,/login,POST,2024-09-17 10:02:11 Tue
localhost:3000,/login,POST,2024-09-17 10:02:11 Tue
localhost:3000,/login,POST,2024-09-17 10:02:12 Tue
localhost:3000,/login,POST,2024-09-17 10:02:15 Tue
localhost:3000,/login,POST,2024-09-17 10:02:29 Tue
localhost:3000,/login,POST,2024-09-17 10:02:32 Tue
localhost:3000,/login,POST,2024-09-17 10:22:57 Tue
localhost:3000,/login,POST,2024-09-17 10:22:58 Tue
localhost:3000,/login,POST,2024-09-17 10:22:59 Tue
localhost:3000,/login,POST,2024-09-17 10:24:49 Tue
localhost:3000,/login,POST,2024-09-17 10:24:49 Tue
localhost:3000,/login,POST,2024-09-17 10:24:49 Tue
localhost:3000,/login,POST,2024-09-17 10:24:49 Tue
localhost:3000,/login,POST,2024-09-17 10:24:50 Tue
localhost:3000,/login,POST,2024-09-17 10:24:51 Tue
localhost:3000,/login,POST,2024-09-17 10:24:52 Tue
localhost:3000,/login,POST,2024-09-17 10:24:53 Tue
localhost:3000,/login,POST,2024-09-17 10:24:54 Tue
localhost:3000,/login,POST,2024-09-17 10:24:55 Tue
localhost:3000,/login,POST,2024-09-17 10:24:57 Tue
localhost:3000,/login,POST,2024-09-17 10:24:58 Tue
localhost:3000,/login,POST,2024-09-17 10:25:12 Tue
localhost:3000,/login,POST,2024-09-17 10:25:32 Tue
localhost:3000,/login,POST,2024-09-17 10:25:37 Tue
localhost:3000,/login,POST,2024-09-17 10:25:38 Tue
localhost:3000,/login,POST,2024-09-17 10:25:39 Tue
localhost:3000,/login,POST,2024-09-17 10:25:40 Tue
localhost:3000,/login,POST,2024-09-17 10:25:41 Tue
localhost:3000,/login,POST,2024-09-17 10:25:42 Tue
localhost:3000,/login,POST,2024-09-17 10:25:43 Tue
localhost:3000,/login,POST,2024-09-17 10:25:44 Tue
localhost:3000,/login,POST,2024-09-17 10:25:45 Tue
localhost:3000,/login,POST,2024-09-17 10:25:46 Tue
localhost:3000,/login,POST,2024-09-17 10:47:52 Tue
localhost:3000,/login,POST,2024-09-17 10:47:52 Tue
localhost:3000,/login,POST,2024-09-17 10:47:52 Tue
localhost:3000,/login,POST,2024-09-17 10:47:53 Tue
localhost:3000,/login,POST,2024-09-17 11:41:27 Tue
localhost:3000,/login,POST,2024-09-17 11:41:31 Tue
localhost:3000,/login,POST,2024-09-17 11:41:33 Tue
localhost:3000,/login,POST,2024-09-17 11:41:42 Tue
localhost:3000,/login,POST,2024-09-17 11:41:45 Tue
localhost:3000,/login,POST,2024-09-17 11:41:46 Tue
localhost:3000,/login,POST,2024-09-17 11:41:51 Tue
localhost:3000,/login,POST,2024-09-17 11:41:52 Tue
localhost:3000,/login,POST,2024-09-17 11:42:02 Tue
localhost:3000,/login,POST,2024-09-17 11:42:03 Tue
localhost:3000,/login,POST,2024-09-17 11:42:04 Tue
localhost:3000,/login,POST,2024-09-17 11:42:05 Tue
localhost:3000,/login,POST,2024-09-17 11:42:06 Tue
localhost:3000,/login,POST,2024-09-17 11:42:07 Tue
localhost:3000,/login,POST,2024-09-17 11:42:08 Tue
localhost:3000,/login,POST,2024-09-17 11:42:09 Tue
localhost:3000,/login,POST,2024-09-17 11:42:10 Tue
localhost:3000,/login,POST,2024-09-17 11:44:21 Tue
localhost:3000,/login,POST,2024-09-17 11:46:50 Tue
localhost:3000,/login,POST,2024-09-17 11:46:50 Tue
localhost:3000,/login,POST,2024-09-17 11:46:51 Tue
localhost:3000,/login,POST,2024-09-17 11:47:00 Tue
localhost:3000,/login,POST,2024-09-17 11:47:01 Tue
localhost:3000,/login,POST,2024-09-17 12:38:16 Tue
localhost:3000,/login,POST,2024-09-17 12:38:17 Tue
localhost:3000,/login,POST,2024-09-17 12:38:36 Tue
localhost:3000,/login,POST,2024-09-17 12:39:07 Tue
localhost:3000,/login,POST,2024-09-17 12:39:08 Tue
localhost:3000,/login,POST,2024-09-17 12:39:24 Tue
localhost:3000,/login,POST,2024-09-17 12:39:41 Tue
localhost:3000,/register,POST,2024-09-17 12:40:09 Tue
localhost:3000,/login,POST,2024-09-17 12:40:44 Tue
localhost:3000,/login,POST,2024-09-17 12:40:45 Tue
localhost:3000,/login,POST,2024-09-17 12:40:46 Tue
localhost:3000,/login,POST,2024-09-17 12:40:50 Tue
localhost:3000,/login,POST,2024-09-17 12:40:51 Tue
localhost:3000,/login,POST,2024-09-17 12:40:51 Tue
localhost:3000,/login,POST,2024-09-17 12:40:53 Tue
localhost:3000,/login,POST,2024-09-17 12:41:00 Tue
localhost:3000,/login,POST,2024-09-17 12:41:00 Tue
localhost:3000,/login,POST,2024-09-17 12:41:00 Tue
localhost:3000,/login,POST,2024-09-17 12:41:01 Tue
localhost:3000,/login,POST,2024-09-17 12:41:02 Tue
localhost:3000,/login,POST,2024-09-17 12:41:04 Tue
localhost:3000,/login,POST,2024-09-17 12:41:05 Tue
localhost:3000,/login,POST,2024-09-17 12:41:40 Tue
localhost:3000,/login,POST,2024-09-17 12:41:41 Tue
localhost:3000,/login,POST,2024-09-17 12:41:42 Tue
localhost:3000,/login,POST,2024-09-17 12:41:43 Tue
localhost:3000,/login,POST,2024-09-17 12:41:44 Tue
localhost:3000,/login,POST,2024-09-17 12:41:46 Tue
localhost:3000,/login,POST,2024-09-17 12:41:47 Tue
localhost:3000,/login,POST,2024-09-17 12:41:53 Tue
localhost:3000,/login,POST,2024-09-17 12:41:55 Tue
localhost:3000,/login,POST,2024-09-17 12:43:14 Tue
localhost:3000,/login,POST,2024-09-17 12:43:15 Tue
localhost:3000,/login,POST,2024-09-17 12:43:16 Tue
localhost:3000,/login,POST,2024-09-17 12:43:22 Tue
localhost:3000,/login,POST,2024-09-17 12:43:28 Tue
localhost:3000,/login,POST,2024-09-17 12:43:32 Tue
localhost:3000,/login,POST,2024-09-17 12:43:33 Tue
localhost:3000,/login,POST,2024-09-17 12:43:44 Tue
localhost:3000,/login,POST,2024-09-17 12:43:46 Tue
localhost:3000,/login,POST,2024-09-17 12:46:08 Tue
localhost:3000,/login,POST,2024-09-17 12:46:13 Tue
localhost:3000,/login,POST,2024-09-17 12:46:14 Tue
localhost:3000,/login,POST,2024-09-17 12:46:15 Tue
localhost:3000,/login,POST,2024-09-17 12:46:16 Tue
localhost:3000,/login,POST,2024-09-17 12:46:17 Tue
localhost:3000,/login,POST,2024-09-17 12:46:18 Tue
localhost:3000,/login,POST,2024-09-17 12:46:21 Tue
localhost:3000,/login,POST,2024-09-17 12:46:22 Tue
localhost:3000,/login,POST,2024-09-17 12:46:23 Tue
localhost:3000,/login,POST,2024-09-17 12:46:24 Tue
localhost:3000,/login,POST,2024-09-17 12:46:25 Tue
localhost:3000,/login,POST,2024-09-17 12:46:26 Tue
localhost:3000,/login,POST,2024-09-17 12:46:27 Tue
localhost:3000,/login,POST,2024-09-17 12:46:28 Tue
localhost:3000,/login,POST,2024-09-17 12:46:29 Tue
localhost:3000,/login,POST,2024-09-17 12:46:30 Tue
localhost:3000,/login,POST,2024-09-17 12:46:31 Tue
localhost:3000,/login,POST,2024-09-17 12:46:36 Tue
localhost:3000,/login,POST,2024-09-17 12:46:37 Tue
localhost:3000,/login,POST,2024-09-17 12:46:39 Tue
localhost:3000,/login,POST,2024-09-17 12:46:40 Tue
localhost:3000,/login,POST,2024-09-17 12:46:41 Tue
localhost:3000,/login,POST,2024-09-17 12:46:42 Tue
localhost:3000,/login,POST,2024-09-17 12:46:43 Tue
localhost:3000,/login,POST,2024-09-17 12:47:06 Tue
localhost:3000,/login,POST,2024-09-17 12:47:07 Tue
localhost:3000,/login,POST,2024-09-17 12:47:08 Tue
localhost:3000,/login,POST,2024-09-17 12:47:12 Tue
localhost:3000,/login,POST,2024-09-17 12:47:13 Tue
localhost:3000,/login,POST,2024-09-17 12:47:14 Tue
localhost:3000,/login,POST,2024-09-17 12:47:15 Tue
localhost:3000,/login,POST,2024-09-17 12:48:01 Tue
localhost:3000,/login,POST,2024-09-17 12:48:03 Tue
localhost:3000,/login,POST,2024-09-17 12:48:04 Tue
localhost:3000,/login,POST,2024-09-17 12:48:07 Tue
localhost:3000,/login,POST,2024-09-17 12:48:09 Tue
localhost:3000,/login,POST,2024-09-17 12:48:10 Tue
localhost:3000,/login,POST,2024-09-17 12:48:11 Tue
localhost:3000,/login,POST,2024-09-17 12:48:12 Tue
localhost:3000,/login,POST,2024-09-17 12:48:15 Tue
localhost:3000,/register,POST,2024-09-17 12:50:59 Tue
localhost:3000,/login,POST,2024-09-17 12:51:09 Tue
localhost:3000,/login,POST,2024-09-17 12:51:11 Tue
localhost:3000,/login,POST,2024-09-17 12:51:12 Tue
localhost:3000,/login,POST,2024-09-17 12:51:13 Tue
localhost:3000,/login,POST,2024-09-17 12:51:19 Tue
localhost:3000,/login,POST,2024-09-17 12:51:21 Tue
localhost:3000,/login,POST,2024-09-17 12:51:38 Tue
localhost:3000,/login,POST,2024-09-17 13:04:41 Tue
localhost:3000,/login,POST,2024-09-17 13:04:43 Tue
localhost:3000,/login,POST,2024-09-17 13:04:44 Tue
localhost:3000,/login,POST,2024-09-17 13:04:46 Tue
localhost:3000,/login,POST,2024-09-17 13:04:47 Tue
localhost:3000,/login,POST,2024-09-17 13:04:48 Tue
localhost:3000,/login,POST,2024-09-17 13:04:49 Tue
localhost:3000,/login,POST,2024-09-17 13:04:50 Tue
localhost:3000,/login,POST,2024-09-17 13:04:51 Tue
localhost:3000,/login,POST,2024-09-17 13:04:53 Tue
localhost:3000,/login,POST,2024-09-19 14:45:24 Thu
localhost:3000,/login,POST,2024-09-19 14:45:24 Thu
localhost:3000,/login,POST,2024-09-19 14:45:25 Thu
localhost:3000,/login,POST,2024-09-19 14:45:29 Thu
localhost:3000,/login,POST,2024-09-19 14:45:30 Thu
localhost:3000,/login,POST,2024-09-19 14:45:31 Thu
localhost:3000,/login,POST,2024-09-19 15:22:57 Thu
localhost:3000,/login,POST,2024-09-19 15:22:58 Thu
localhost:3000,/login,POST,2024-09-19 15:22:59 Thu
localhost:3000,/login,POST,2024-09-19 15:23:03 Thu
localhost:3000,/login,POST,2024-09-19 16:12:22 Thu
localhost:3000,/login,POST,2024-09-19 16:12:42 Thu
localhost:3000,/register,POST,2024-09-19 16:16:04 Thu
localhost:3000,/login,POST,2024-09-19 16:16:12 Thu
localhost:3000,/login,POST,2024-09-19 16:16:21 Thu
localhost:3000,/login,POST,2024-09-19 16:16:22 Thu
localhost:3000,/login,POST,2024-09-19 16:16:24 Thu
localhost:3000,/login,POST,2024-09-19 16:16:25 Thu
localhost:3000,/login,POST,2024-09-19 16:16:26 Thu
localhost:3000,/login,POST,2024-09-19 16:16:27 Thu
localhost:3000,/login,POST,2024-09-19 16:16:28 Thu
localhost:3000,/login,POST,2024-09-19 16:16:29 Thu
localhost:3000,/login,POST,2024-09-19 16:21:29 Thu
localhost:3000,/login,POST,2024-09-19 16:21:41 Thu
localhost:3000,/login,POST,2024-09-19 21:10:08 Thu
localhost:3000,/login,POST,2024-09-19 21:10:10 Thu
localhost:3000,/login,POST,2024-09-19 21:10:11 Thu
localhost:3000,/login,POST,2024-09-19 21:10:13 Thu
localhost:3000,/login,POST,2024-09-19 21:10:14 Thu
localhost:3000,/login,POST,2024-09-19 21:10:15 Thu
localhost:3000,/login,POST,2024-09-19 21:10:16 Thu
localhost:3000,/login,POST,2024-09-19 21:10:17 Thu
localhost:3000,/login,POST,2024-09-19 21:10:18 Thu
localhost:3000,/login,POST,2024-09-19 21:10:19 Thu
localhost:3000,/login,POST,2024-09-19 21:12:00 Thu
localhost:3000,/login,POST,2024-09-19 21:12:00 Thu
localhost:3000,/login,POST,2024-09-19 21:12:00 Thu
localhost:3000,/login,POST,2024-09-19 21:12:01 Thu
localhost:3000,/login,POST,2024-09-19 21:12:02 Thu
localhost:3000,/login,POST,2024-09-19 21:12:03 Thu
localhost:3000,/login,POST,2024-09-19 21:12:04 Thu
localhost:3000,/login,POST,2024-09-19 21:12:05 Thu
localhost:3000,/login,POST,2024-09-19 21:12:06 Thu
localhost:3000,/login,POST,2024-09-19 21:12:07 Thu
localhost:3000,/login,POST,2024-09-19 21:12:08 Thu
localhost:3000,/login,POST,2024-09-19 21:16:38 Thu
localhost:3000,/login,POST,2024-09-19 21:16:39 Thu
localhost:3000,/favicon.ico,GET,2024-09-30 09:16:42 Mon
localhost:3000,/login,POST,2024-09-30 09:16:52 Mon
localhost:3000,/login,POST,2024-09-30 09:16:52 Mon
localhost:3000,/login,POST,2024-09-30 09:16:52 Mon
localhost:3000,/login,POST,2024-09-30 09:16:53 Mon
localhost:3000,/login,POST,2024-09-30 09:16:53 Mon
localhost:3000,/login,POST,2024-09-30 09:16:55 Mon
localhost:3000,/login,POST,2024-09-30 09:16:56 Mon
localhost:3000,/login,POST,2024-09-30 09:16:57 Mon
localhost:3000,/login,POST,2024-09-30 09:16:58 Mon
localhost:3000,/login,POST,2024-09-30 09:16:59 Mon
localhost:3000,/login,POST,2024-09-30 09:17:01 Mon
localhost:3000,/login,POST,2024-09-30 09:17:03 Mon
localhost:3000,/login,POST,2024-09-30 09:17:04 Mon
localhost:3000,/login,POST,2024-09-30 09:17:05 Mon
localhost:3000,/login,POST,2024-09-30 09:17:42 Mon
localhost:3000,/login,POST,2024-09-30 09:17:43 Mon
localhost:3000,/login,POST,2024-09-30 09:17:44 Mon
localhost:3000,/login,POST,2024-09-30 09:17:45 Mon
localhost:3000,/login,POST,2024-09-30 09:17:46 Mon
localhost:3000,/login,POST,2024-09-30 09:17:47 Mon
localhost:3000,/login,POST,2024-09-30 09:17:48 Mon
localhost:3000,/login,POST,2024-09-30 09:17:49 Mon
localhost:3000,/login,POST,2024-09-30 09:17:50 Mon
localhost:3000,/login,POST,2024-09-30 09:17:51 Mon
localhost:3000,/login,POST,2024-09-30 09:17:52 Mon
localhost:3000,/login,POST,2024-09-30 09:17:53 Mon
localhost:3000,/login,POST,2024-09-30 09:17:54 Mon
localhost:3000,/login,POST,2024-09-30 09:17:55 Mon
localhost:3000,/login,POST,2024-09-30 09:17:56 Mon
localhost:3000,/login,POST,2024-09-30 09:17:57 Mon
localhost:3000,/login,POST,2024-09-30 09:17:58 Mon
localhost:3000,/login,POST,2024-09-30 09:17:59 Mon
localhost:3000,/login,POST,2024-09-30 09:18:00 Mon
localhost:3000,/login,POST,2024-09-30 09:18:01 Mon
localhost:3000,/login,POST,2024-09-30 09:18:02 Mon
localhost:3000,/login,POST,2024-09-30 09:18:03 Mon
localhost:3000,/login,POST,2024-09-30 09:18:04 Mon
localhost:3000,/login,POST,2024-09-30 09:18:05 Mon
localhost:3000,/login,POST,2024-09-30 09:18:06 Mon
localhost:3000,/favicon.ico,GET,2024-10-17 09:49:21 Thu
localhost:3000,/favicon.ico,GET,2024-11-26 08:51:31 Tue
localhost:3000,/register,POST,2024-11-26 08:53:29 Tue
localhost:3000,/register,POST,2024-11-26 08:54:09 Tue
localhost:3000,/main.2fde1bee47eb06624925.hot-update.json,GET,2024-11-26 08:55:39 Tue
localhost:3000,/register,POST,2024-11-26 08:56:11 Tue
localhost:3000,/login,POST,2024-11-26 08:59:41 Tue
localhost:3000,/login,POST,2024-11-26 08:59:42 Tue
localhost:3000,/login,POST,2024-11-26 08:59:43 Tue
localhost:3000,/login,POST,2024-11-26 08:59:44 Tue
localhost:3000,/login,POST,2024-11-26 09:01:51 Tue
localhost:3000,/login,POST,2024-11-26 09:01:51 Tue
localhost:3000,/login,POST,2024-11-26 09:01:52 Tue
localhost:3000,/login,POST,2024-11-26 09:01:53 Tue
localhost:3000,/login,POST,2024-11-26 09:02:01 Tue
localhost:3000,/login,POST,2024-11-26 09:02:02 Tue
localhost:3000,/login,POST,2024-11-26 09:02:03 Tue
localhost:3000,/login,POST,2024-11-26 09:02:04 Tue
localhost:3000,/login,POST,2024-11-26 09:04:52 Tue
localhost:3000,/login,POST,2024-11-26 09:04:54 Tue
localhost:3000,/login,POST,2024-11-26 09:04:55 Tue
localhost:3000,/login,POST,2024-11-26 09:04:56 Tue
localhost:3000,/login,POST,2024-11-26 09:04:57 Tue
localhost:3000,/login,POST,2024-11-26 09:04:58 Tue
localhost:3000,/login,POST,2024-11-26 09:04:59 Tue
localhost:3000,/login,POST,2024-11-26 09:05:01 Tue
localhost:3000,/login,POST,2024-11-26 09:05:02 Tue
localhost:3000,/login,POST,2024-11-26 09:05:03 Tue
localhost:3000,/login,POST,2024-11-26 09:05:05 Tue
localhost:3000,/login,POST,2024-11-26 09:05:12 Tue
localhost:3000,/login,POST,2024-11-26 09:05:13 Tue
localhost:3000,/login,POST,2024-11-26 09:05:15 Tue
localhost:3000,/login,POST,2024-11-26 09:05:16 Tue
localhost:3000,/login,POST,2024-11-26 09:05:17 Tue
localhost:3000,/login,POST,2024-11-26 09:05:18 Tue
localhost:3000,/login,POST,2024-11-26 09:05:19 Tue
localhost:3000,/login,POST,2024-11-26 09:05:19 Tue
localhost:3000,/login,POST,2024-11-26 09:05:21 Tue
localhost:3000,/login,POST,2024-11-26 09:05:23 Tue
localhost:3000,/login,POST,2024-11-26 09:05:23 Tue
localhost:3000,/login,POST,2024-11-26 09:05:23 Tue
localhost:3000,/login,POST,2024-11-26 09:05:25 Tue
localhost:3000,/login,POST,2024-11-26 09:05:26 Tue
localhost:3000,/login,POST,2024-11-26 09:05:27 Tue
localhost:3000,/login,POST,2024-11-26 09:05:28 Tue
localhost:3000,/login,POST,2024-11-26 09:05:29 Tue
localhost:3000,/login,POST,2024-11-26 09:05:30 Tue
localhost:3000,/login,POST,2024-11-26 09:05:31 Tue
localhost:3000,/login,POST,2024-11-26 09:05:32 Tue
localhost:3000,/login,POST,2024-11-26 09:05:33 Tue
localhost:3000,/login,POST,2024-11-26 09:05:34 Tue
localhost:3000,/login,POST,2024-11-26 09:05:35 Tue
localhost:3000,/login,POST,2024-11-26 09:05:36 Tue
localhost:3000,/login,POST,2024-11-26 09:05:37 Tue
localhost:3000,/login,POST,2024-11-26 09:05:38 Tue
localhost:3000,/login,POST,2024-11-26 09:05:39 Tue
localhost:3000,/login,POST,2024-11-26 09:05:40 Tue
localhost:3000,/login,POST,2024-11-26 09:05:41 Tue
localhost:3000,/login,POST,2024-11-26 09:05:42 Tue
localhost:3000,/login,POST,2024-11-26 09:05:43 Tue
localhost:3000,/login,POST,2024-11-26 09:05:44 Tue
localhost:3000,/login,POST,2024-11-26 09:05:45 Tue
localhost:3000,/login,POST,2024-11-26 09:05:46 Tue
localhost:3000,/login,POST,2024-11-26 09:05:47 Tue
localhost:3000,/login,POST,2024-11-26 09:05:48 Tue
localhost:3000,/login,POST,2024-11-26 09:05:49 Tue
localhost:3000,/login,POST,2024-11-26 09:05:50 Tue
localhost:3000,/login,POST,2024-11-26 09:05:51 Tue
localhost:3000,/login,POST,2024-11-26 09:05:53 Tue
localhost:3000,/login,POST,2024-11-26 09:05:53 Tue
localhost:3000,/login,POST,2024-11-26 09:05:54 Tue
localhost:3000,/login,POST,2024-11-26 09:05:55 Tue
localhost:3000,/login,POST,2024-11-26 09:05:56 Tue
localhost:3000,/login,POST,2024-11-26 09:05:56 Tue
localhost:3000,/login,POST,2024-11-26 09:05:59 Tue
localhost:3000,/login,POST,2024-11-26 09:05:59 Tue
localhost:3000,/login,POST,2024-11-26 09:06:00 Tue
localhost:3000,/login,POST,2024-11-26 09:06:01 Tue
localhost:3000,/login,POST,2024-11-26 09:06:02 Tue
localhost:3000,/login,POST,2024-11-26 09:06:03 Tue
localhost:3000,/login,POST,2024-11-26 09:06:04 Tue
localhost:3000,/login,POST,2024-11-26 09:06:05 Tue
localhost:3000,/login,POST,2024-11-26 09:06:06 Tue
localhost:3000,/login,POST,2024-11-26 09:06:07 Tue
localhost:3000,/login,POST,2024-11-26 09:06:12 Tue
localhost:3000,/login,POST,2024-11-26 09:06:12 Tue
localhost:3000,/login,POST,2024-11-26 09:06:13 Tue
localhost:3000,/login,POST,2024-11-26 09:06:15 Tue
localhost:3000,/login,POST,2024-11-26 09:06:16 Tue
localhost:3000,/login,POST,2024-11-26 09:07:37 Tue
localhost:3000,/login,POST,2024-11-26 09:07:45 Tue
localhost:3000,/favicon.ico,GET,2024-11-26 09:32:58 Tue
localhost:3000,/login,POST,2024-11-26 09:33:53 Tue
localhost:3000,/login,POST,2024-11-26 09:33:54 Tue
localhost:3000,/login,POST,2024-11-26 09:33:55 Tue
localhost:3000,/login,POST,2024-11-26 09:33:55 Tue
localhost:3000,/login,POST,2024-11-26 09:33:56 Tue
localhost:3000,/login,POST,2024-11-26 09:33:56 Tue
localhost:3000,/login,POST,2024-11-26 09:33:58 Tue
localhost:3000,/login,POST,2024-11-26 09:33:59 Tue
localhost:3000,/login,POST,2024-11-26 09:34:00 Tue
localhost:3000,/login,POST,2024-11-26 09:34:00 Tue
localhost:3000,/login,POST,2024-11-26 09:34:02 Tue
localhost:3000,/login,POST,2024-11-26 09:34:03 Tue
localhost:3000,/login,POST,2024-11-26 09:34:04 Tue
localhost:3000,/login,POST,2024-11-26 09:34:05 Tue
localhost:3000,/login,POST,2024-11-26 09:34:07 Tue
localhost:3000,/login,POST,2024-11-26 09:34:08 Tue
localhost:3000,/login,POST,2024-11-26 09:35:06 Tue
localhost:3000,/login,POST,2024-11-26 09:35:07 Tue
localhost:3000,/login,POST,2024-11-26 09:35:14 Tue
localhost:3000,/login,POST,2024-11-26 09:35:16 Tue
localhost:3000,/login,POST,2024-11-26 09:35:18 Tue
localhost:3000,/login,POST,2024-11-26 09:35:19 Tue
localhost:3000,/login,POST,2024-11-26 09:35:20 Tue
localhost:3000,/login,POST,2024-11-26 09:35:21 Tue
localhost:3000,/login,POST,2024-11-26 09:35:21 Tue
localhost:3000,/login,POST,2024-11-26 09:35:23 Tue
localhost:3000,/login,POST,2024-11-26 09:35:24 Tue
localhost:3000,/login,POST,2024-11-26 09:35:26 Tue
localhost:3000,/login,POST,2024-11-26 09:35:27 Tue
localhost:3000,/login,POST,2024-11-26 09:35:28 Tue
localhost:3000,/login,POST,2024-11-26 09:35:29 Tue
localhost:3000,/login,POST,2024-11-26 09:35:30 Tue
localhost:3000,/register,POST,2024-11-26 09:36:00 Tue
localhost:3000,/login,POST,2024-11-26 09:36:13 Tue
localhost:3000,/login,POST,2024-11-26 09:36:14 Tue
localhost:3000,/login,POST,2024-11-26 09:36:15 Tue
localhost:3000,/login,POST,2024-11-26 09:36:16 Tue
localhost:3000,/login,POST,2024-11-26 09:36:18 Tue
localhost:3000,/login,POST,2024-11-26 09:36:19 Tue
localhost:3000,/login,POST,2024-11-26 09:36:20 Tue
localhost:3000,/login,POST,2024-11-26 09:36:21 Tue
localhost:3000,/login,POST,2024-11-26 09:36:22 Tue
localhost:3000,/login,POST,2024-11-26 09:36:23 Tue
localhost:3000,/login,POST,2024-11-26 09:36:24 Tue
localhost:3000,/login,POST,2024-11-26 09:36:25 Tue
localhost:3000,/login,POST,2024-11-26 09:36:26 Tue
localhost:3000,/login,POST,2024-11-26 09:36:27 Tue
localhost:3000,/login,POST,2024-11-26 09:36:29 Tue
localhost:3000,/login,POST,2024-11-26 09:36:29 Tue
localhost:3000,/login,POST,2024-11-26 09:36:31 Tue
localhost:3000,/login,POST,2024-11-26 09:36:31 Tue
localhost:3000,/login,POST,2024-11-26 09:36:33 Tue
localhost:3000,/login,POST,2024-11-26 09:36:33 Tue
localhost:3000,/login,POST,2024-11-26 09:36:35 Tue
localhost:3000,/login,POST,2024-11-26 09:36:36 Tue
localhost:3000,/login,POST,2024-11-26 09:36:38 Tue
localhost:3000,/login,POST,2024-11-26 09:38:19 Tue
localhost:3000,/login,POST,2024-11-26 09:38:19 Tue
localhost:3000,/login,POST,2024-11-26 09:38:19 Tue
localhost:3000,/login,POST,2024-11-26 09:38:21 Tue
localhost:3000,/login,POST,2024-11-26 09:38:22 Tue
localhost:3000,/login,POST,2024-11-26 09:38:23 Tue
localhost:3000,/login,POST,2024-11-26 09:38:23 Tue
localhost:3000,/login,POST,2024-11-26 09:38:25 Tue
localhost:3000,/login,POST,2024-11-26 09:38:25 Tue
localhost:3000,/login,POST,2024-11-26 09:38:27 Tue
localhost:3000,/login,POST,2024-11-26 09:38:28 Tue
localhost:3000,/login,POST,2024-11-26 09:38:29 Tue
localhost:3000,/login,POST,2024-11-26 09:38:29 Tue
localhost:3000,/login,POST,2024-11-26 09:38:31 Tue
localhost:3000,/login,POST,2024-11-26 09:38:32 Tue
localhost:3000,/login,POST,2024-11-26 09:38:33 Tue
localhost:3000,/login,POST,2024-11-26 09:38:34 Tue
localhost:3000,/login,POST,2024-11-26 09:38:35 Tue
localhost:3000,/login,POST,2024-11-26 09:38:36 Tue
localhost:3000,/login,POST,2024-11-26 09:38:38 Tue
localhost:3000,/login,POST,2024-11-26 09:44:53 Tue
localhost:3000,/login,POST,2024-11-26 09:45:05 Tue
localhost:3000,/login,POST,2024-11-26 09:45:08 Tue
localhost:3000,/login,POST,2024-11-26 09:45:11 Tue
localhost:3000,/login,POST,2024-11-26 09:45:13 Tue
localhost:3000,/login,POST,2024-11-26 09:45:16 Tue
localhost:3000,/login,POST,2024-11-26 09:45:26 Tue
localhost:3000,/login,POST,2024-11-26 09:45:30 Tue
localhost:3000,/login,POST,2024-11-26 09:45:33 Tue
localhost:3000,/login,POST,2024-11-26 09:46:39 Tue
localhost:3000,/login,POST,2024-11-26 09:53:43 Tue
localhost:3000,/login,POST,2024-11-26 09:53:43 Tue
localhost:3000,/login,POST,2024-11-26 09:53:45 Tue
localhost:3000,/login,POST,2024-11-26 09:53:46 Tue
localhost:3000,/login,POST,2024-11-26 09:53:46 Tue
localhost:3000,/login,POST,2024-11-26 09:53:47 Tue
localhost:3000,/login,POST,2024-11-26 09:53:48 Tue
localhost:3000,/login,POST,2024-11-26 09:53:49 Tue
localhost:3000,/login,POST,2024-11-26 09:53:50 Tue
localhost:3000,/login,POST,2024-11-26 09:53:51 Tue
localhost:3000,/login,POST,2024-11-26 09:53:52 Tue
localhost:3000,/login,POST,2024-11-26 09:53:53 Tue
localhost:3000,/login,POST,2024-11-26 09:53:54 Tue
localhost:3000,/login,POST,2024-11-26 09:53:55 Tue
localhost:3000,/login,POST,2024-11-26 09:53:58 Tue
localhost:3000,/login,POST,2024-11-26 09:54:47 Tue
localhost:3000,/login,POST,2024-11-26 09:54:49 Tue
localhost:3000,/login,POST,2024-11-26 09:54:52 Tue
localhost:3000,/login,POST,2024-11-26 09:54:54 Tue
localhost:3000,/login,POST,2024-11-26 09:54:57 Tue
localhost:3000,/login,POST,2024-11-26 09:55:39 Tue
localhost:3000,/login,POST,2024-11-26 09:55:41 Tue
localhost:3000,/login,POST,2024-11-26 09:55:43 Tue
localhost:3000,/login,POST,2024-11-26 09:55:45 Tue
localhost:3000,/login,POST,2024-11-26 09:55:47 Tue
localhost:3000,/login,POST,2024-11-26 09:55:50 Tue
localhost:3000,/login,POST,2024-11-26 09:55:53 Tue
localhost:3000,/login,POST,2024-11-26 09:55:56 Tue
localhost:3000,/login,POST,2024-11-26 09:55:58 Tue
localhost:3000,/login,POST,2024-11-26 10:01:21 Tue
localhost:3000,/login,POST,2024-11-26 10:01:44 Tue
localhost:3000,/login,POST,2024-11-26 10:01:46 Tue
localhost:3000,/login,POST,2024-11-26 10:01:47 Tue
localhost:3000,/login,POST,2024-11-26 10:01:48 Tue
localhost:3000,/login,POST,2024-11-26 10:01:49 Tue
localhost:3000,/login,POST,2024-11-26 10:01:50 Tue
localhost:3000,/login,POST,2024-11-26 10:01:51 Tue
localhost:3000,/login,POST,2024-11-26 10:01:52 Tue
localhost:3000,/login,POST,2024-11-26 10:01:53 Tue
localhost:3000,/login,POST,2024-11-26 10:01:54 Tue
localhost:3000,/login,POST,2024-11-26 10:01:55 Tue
localhost:3000,/login,POST,2024-11-26 10:01:56 Tue
localhost:3000,/login,POST,2024-11-26 10:01:57 Tue
localhost:3000,/login,POST,2024-11-26 10:01:58 Tue
localhost:3000,/login,POST,2024-11-26 10:01:59 Tue
localhost:3000,/login,POST,2024-11-26 10:02:00 Tue
localhost:3000,/login,POST,2024-11-26 10:02:01 Tue
localhost:3000,/login,POST,2024-11-26 10:02:02 Tue
localhost:3000,/login,POST,2024-11-26 10:02:03 Tue
localhost:3000,/login,POST,2024-11-26 10:02:04 Tue
localhost:3000,/login,POST,2024-11-26 10:02:05 Tue
localhost:3000,/login,POST,2024-11-26 10:02:06 Tue
localhost:3000,/login,POST,2024-11-26 10:02:07 Tue
localhost:3000,/login,POST,2024-11-26 10:02:07 Tue
localhost:3000,/login,POST,2024-11-26 10:02:09 Tue
localhost:3000,/login,POST,2024-11-26 10:02:10 Tue
localhost:3000,/login,POST,2024-11-26 10:02:10 Tue
localhost:3000,/login,POST,2024-11-26 10:02:11 Tue
localhost:3000,/login,POST,2024-11-26 10:02:12 Tue
localhost:3000,/login,POST,2024-11-26 10:02:13 Tue
localhost:3000,/login,POST,2024-11-26 10:02:15 Tue
localhost:3000,/login,POST,2024-11-26 10:02:16 Tue
localhost:3000,/login,POST,2024-11-26 10:02:17 Tue
localhost:3000,/login,POST,2024-11-26 10:02:18 Tue
localhost:3000,/login,POST,2024-11-26 10:02:19 Tue
localhost:3000,/login,POST,2024-11-26 10:02:19 Tue
localhost:3000,/login,POST,2024-11-26 10:02:20 Tue
localhost:3000,/login,POST,2024-11-26 10:02:21 Tue
localhost:3000,/login,POST,2024-11-26 10:02:23 Tue
localhost:3000,/login,POST,2024-11-26 10:02:24 Tue
localhost:3000,/login,POST,2024-11-26 10:02:25 Tue
localhost:3000,/login,POST,2024-11-26 10:02:25 Tue
localhost:3000,/login,POST,2024-11-26 10:02:26 Tue
localhost:3000,/login,POST,2024-11-26 10:02:27 Tue
localhost:3000,/login,POST,2024-11-26 10:02:29 Tue
localhost:3000,/login,POST,2024-11-26 10:02:29 Tue
localhost:3000,/login,POST,2024-11-26 10:02:30 Tue
localhost:3000,/login,POST,2024-11-26 10:02:32 Tue
localhost:3000,/login,POST,2024-11-26 10:02:33 Tue
localhost:3000,/login,POST,2024-11-26 10:02:34 Tue
localhost:3000,/login,POST,2024-11-26 10:02:35 Tue
localhost:3000,/login,POST,2024-11-26 10:02:36 Tue
localhost:3000,/login,POST,2024-11-26 10:02:37 Tue
localhost:3000,/login,POST,2024-11-26 10:02:37 Tue
localhost:3000,/login,POST,2024-11-26 10:02:38 Tue
localhost:3000,/login,POST,2024-11-26 10:02:39 Tue
localhost:3000,/login,POST,2024-11-26 10:02:40 Tue
localhost:3000,/login,POST,2024-11-26 10:02:42 Tue
localhost:3000,/login,POST,2024-11-26 10:02:42 Tue
localhost:3000,/login,POST,2024-11-26 10:02:44 Tue
localhost:3000,/login,POST,2024-11-26 10:02:45 Tue
localhost:3000,/login,POST,2024-11-26 10:02:47 Tue
localhost:3000,/login,POST,2024-11-26 10:02:47 Tue
localhost:3000,/login,POST,2024-11-26 10:02:48 Tue
localhost:3000,/login,POST,2024-11-26 10:02:50 Tue
localhost:3000,/login,POST,2024-11-26 10:02:51 Tue
localhost:3000,/login,POST,2024-11-26 10:02:51 Tue
localhost:3000,/login,POST,2024-11-26 10:02:52 Tue
localhost:3000,/login,POST,2024-11-26 10:02:53 Tue
localhost:3000,/login,POST,2024-11-26 10:02:55 Tue
localhost:3000,/login,POST,2024-11-26 10:02:55 Tue
localhost:3000,/login,POST,2024-11-26 10:02:57 Tue
localhost:3000,/login,POST,2024-11-26 10:02:58 Tue
localhost:3000,/login,POST,2024-11-26 10:02:59 Tue
localhost:3000,/login,POST,2024-11-26 10:03:01 Tue
localhost:3000,/login,POST,2024-11-26 10:03:01 Tue
localhost:3000,/login,POST,2024-11-26 10:03:18 Tue
localhost:3000,/login,POST,2024-11-26 10:03:20 Tue
localhost:3000,/login,POST,2024-11-26 10:03:20 Tue
localhost:3000,/login,POST,2024-11-26 10:03:21 Tue
localhost:3000,/login,POST,2024-11-26 10:03:22 Tue
localhost:3000,/login,POST,2024-11-26 10:03:23 Tue
localhost:3000,/login,POST,2024-11-26 10:03:25 Tue
localhost:3000,/login,POST,2024-11-26 10:03:26 Tue
localhost:3000,/login,POST,2024-11-26 10:04:09 Tue
localhost:3000,/login,POST,2024-11-26 10:04:09 Tue
localhost:3000,/login,POST,2024-11-26 10:04:11 Tue
localhost:3000,/login,POST,2024-11-26 10:04:12 Tue
localhost:3000,/login,POST,2024-11-26 10:04:13 Tue
localhost:3000,/login,POST,2024-11-26 10:04:14 Tue
localhost:3000,/login,POST,2024-11-26 10:04:16 Tue
localhost:3000,/login,POST,2024-11-26 10:26:59 Tue
localhost:3000,/login,POST,2024-11-26 10:27:01 Tue
localhost:3000,/login,POST,2024-11-26 10:27:02 Tue
localhost:3000,/login,POST,2024-11-26 10:27:03 Tue
localhost:3000,/login,POST,2024-11-26 10:27:04 Tue
localhost:3000,/login,POST,2024-11-26 10:27:05 Tue
localhost:3000,/login,POST,2024-11-26 10:27:09 Tue
localhost:3000,/login,POST,2024-11-26 10:27:48 Tue
localhost:3000,/login,POST,2024-11-26 10:27:51 Tue
localhost:3000,/login,POST,2024-11-26 10:27:53 Tue
localhost:3000,/login,POST,2024-11-26 10:27:56 Tue
localhost:3000,/login,POST,2024-11-26 10:27:58 Tue
localhost:3000,/login,POST,2024-11-26 10:29:13 Tue
localhost:3000,/login,POST,2024-11-26 10:29:22 Tue
localhost:3000,/login,POST,2024-11-26 10:29:28 Tue
localhost:3000,/login,POST,2024-11-26 10:29:32 Tue
localhost:3000,/login,POST,2024-11-26 10:33:11 Tue
localhost:3000,/login,POST,2024-11-26 10:33:11 Tue
localhost:3000,/login,POST,2024-11-26 10:33:12 Tue
localhost:3000,/login,POST,2024-11-26 10:33:13 Tue
localhost:3000,/login,POST,2024-11-26 10:33:14 Tue
localhost:3000,/login,POST,2024-11-26 10:33:15 Tue
localhost:3000,/login,POST,2024-11-26 10:33:16 Tue
localhost:3000,/login,POST,2024-11-26 10:33:17 Tue
localhost:3000,/login,POST,2024-11-26 10:33:18 Tue
localhost:3000,/login,POST,2024-11-26 10:33:19 Tue
localhost:3000,/login,POST,2024-11-26 10:33:20 Tue
localhost:3000,/login,POST,2024-11-26 10:33:21 Tue
localhost:3000,/login,POST,2024-11-26 10:33:22 Tue
localhost:3000,/login,POST,2024-11-26 10:33:22 Tue
localhost:3000,/login,POST,2024-11-26 10:33:25 Tue
localhost:3000,/login,POST,2024-11-26 10:33:26 Tue
localhost:3000,/login,POST,2024-11-26 10:34:11 Tue
localhost:3000,/login,POST,2024-11-26 10:34:15 Tue
localhost:3000,/login,POST,2024-11-26 10:34:16 Tue
localhost:3000,/login,POST,2024-11-26 10:34:17 Tue
localhost:3000,/login,POST,2024-11-26 10:34:18 Tue
localhost:3000,/login,POST,2024-11-26 10:34:20 Tue
localhost:3000,/login,POST,2024-11-26 10:34:21 Tue
localhost:3000,/login,POST,2024-11-26 10:35:08 Tue
localhost:3000,/login,POST,2024-11-26 10:35:13 Tue
localhost:3000,/login,POST,2024-11-26 10:35:16 Tue
localhost:3000,/login,POST,2024-11-26 10:35:19 Tue
localhost:3000,/login,POST,2024-11-26 10:35:21 Tue
localhost:3000,/login,POST,2024-11-26 10:35:24 Tue
localhost:3000,/login,POST,2024-11-26 10:35:27 Tue
localhost:3000,/login,POST,2024-11-26 10:35:30 Tue
localhost:3000,/login,POST,2024-11-26 10:35:32 Tue
localhost:3000,/login,POST,2024-11-26 10:35:35 Tue
localhost:3000,/login,POST,2024-11-26 10:35:38 Tue
localhost:3000,/login,POST,2024-11-26 10:35:41 Tue
localhost:3000,/login,POST,2024-11-26 10:35:43 Tue
localhost:3000,/login,POST,2024-11-26 10:35:46 Tue
localhost:3000,/favicon.ico,GET,2024-11-26 10:41:35 Tue
localhost:3000,/register,POST,2024-11-26 10:49:45 Tue
localhost:3000,/login,POST,2024-11-26 10:49:58 Tue
localhost:3000,/login,POST,2024-11-26 10:50:00 Tue
localhost:3000,/login,POST,2024-11-26 10:50:01 Tue
localhost:3000,/login,POST,2024-11-26 10:50:02 Tue
localhost:3000,/login,POST,2024-11-26 10:50:03 Tue
localhost:3000,/login,POST,2024-11-26 10:50:04 Tue
localhost:3000,/login,POST,2024-11-26 10:50:05 Tue
localhost:3000,/login,POST,2024-11-26 10:50:07 Tue
localhost:3000,/login,POST,2024-11-26 10:50:13 Tue
localhost:3000,/login,POST,2024-11-26 10:50:14 Tue
localhost:3000,/login,POST,2024-11-26 10:50:16 Tue
localhost:3000,/login,POST,2024-11-26 10:50:16 Tue
localhost:3000,/login,POST,2024-11-26 10:50:17 Tue
localhost:3000,/login,POST,2024-11-26 10:50:19 Tue
localhost:3000,/login,POST,2024-11-26 10:50:20 Tue
localhost:3000,/login,POST,2024-11-26 10:50:21 Tue
localhost:3000,/login,POST,2024-11-26 10:50:24 Tue
localhost:3000,/login,POST,2024-11-26 10:50:24 Tue
localhost:3000,/login,POST,2024-11-26 10:50:25 Tue
localhost:3000,/login,POST,2024-11-26 10:50:27 Tue
localhost:3000,/login,POST,2024-11-26 10:50:28 Tue
localhost:3000,/login,POST,2024-11-26 10:50:30 Tue
localhost:3000,/login,POST,2024-11-26 10:50:32 Tue
localhost:3000,/register,POST,2024-11-26 10:51:27 Tue
localhost:3000,/register,POST,2024-11-26 10:51:32 Tue
localhost:3000,/register,POST,2024-11-26 10:51:33 Tue
localhost:3000,/register,POST,2024-11-26 10:51:35 Tue
localhost:3000,/login,POST,2024-11-26 10:51:55 Tue
localhost:3000,/login,POST,2024-11-26 10:51:57 Tue
localhost:3000,/login,POST,2024-11-26 10:51:59 Tue
localhost:3000,/login,POST,2024-11-26 10:52:00 Tue
localhost:3000,/login,POST,2024-11-26 10:52:02 Tue
localhost:3000,/login,POST,2024-11-26 10:52:03 Tue
localhost:3000,/login,POST,2024-11-26 10:52:04 Tue
localhost:3000,/login,POST,2024-11-26 10:52:06 Tue
localhost:3000,/login,POST,2024-11-26 10:52:08 Tue
localhost:3000,/login,POST,2024-11-26 10:52:09 Tue
localhost:3000,/login,POST,2024-11-26 10:52:13 Tue
localhost:3000,/login,POST,2024-11-26 10:52:14 Tue
localhost:3000,/login,POST,2024-11-26 10:52:15 Tue
localhost:3000,/login,POST,2024-11-26 10:52:17 Tue
localhost:3000,/login,POST,2024-11-26 10:52:20 Tue
localhost:3000,/login,POST,2024-11-26 10:52:21 Tue
localhost:3000,/login,POST,2024-11-26 10:52:24 Tue
localhost:3000,/login,POST,2024-11-26 10:52:26 Tue
localhost:3000,/login,POST,2024-11-26 10:52:27 Tue
localhost:3000,/login,POST,2024-11-26 10:52:29 Tue
localhost:3000,/login,POST,2024-11-26 10:52:30 Tue
localhost:3000,/login,POST,2024-11-26 10:52:32 Tue
localhost:3000,/login,POST,2024-11-26 10:52:34 Tue
localhost:3000,/login,POST,2024-11-26 10:52:36 Tue
localhost:3000,/login,POST,2024-11-26 10:52:38 Tue
localhost:3000,/login,POST,2024-11-26 10:52:41 Tue
localhost:3000,/login,POST,2024-11-26 10:52:45 Tue
localhost:3000,/login,POST,2024-11-26 10:52:46 Tue
localhost:3000,/login,POST,2024-11-26 10:52:47 Tue
localhost:3000,/login,POST,2024-11-26 10:52:49 Tue
localhost:3000,/login,POST,2024-11-26 10:52:51 Tue
localhost:3000,/login,POST,2024-11-26 10:52:52 Tue
localhost:3000,/login,POST,2024-11-26 10:52:54 Tue
localhost:3000,/login,POST,2024-11-26 10:52:57 Tue
localhost:3000,/login,POST,2024-11-26 10:52:59 Tue
localhost:3000,/login,POST,2024-11-26 10:53:01 Tue
localhost:3000,/login,POST,2024-11-26 10:53:03 Tue
localhost:3000,/login,POST,2024-11-26 10:53:05 Tue
localhost:3000,/login,POST,2024-11-26 10:53:07 Tue
localhost:3000,/login,POST,2024-11-26 10:53:09 Tue
localhost:3000,/login,POST,2024-11-26 10:53:12 Tue
localhost:3000,/login,POST,2024-11-26 10:53:15 Tue
localhost:3000,/login,POST,2024-11-26 10:53:17 Tue
localhost:3000,/login,POST,2024-11-26 10:53:18 Tue
localhost:3000,/login,POST,2024-11-26 10:53:20 Tue
localhost:3000,/login,POST,2024-11-26 10:53:21 Tue
localhost:3000,/login,POST,2024-11-26 10:53:23 Tue
localhost:3000,/login,POST,2024-11-26 10:53:25 Tue
localhost:3000,/login,POST,2024-11-26 10:53:26 Tue
localhost:3000,/login,POST,2024-11-26 10:53:28 Tue
localhost:3000,/login,POST,2024-11-26 10:53:29 Tue
localhost:3000,/login,POST,2024-11-26 10:53:31 Tue
localhost:3000,/login,POST,2024-11-26 10:53:33 Tue
localhost:3000,/login,POST,2024-11-26 10:53:36 Tue
localhost:3000,/login,POST,2024-11-26 10:53:38 Tue
localhost:3000,/login,POST,2024-11-26 10:53:40 Tue
localhost:3000,/login,POST,2024-11-26 10:53:42 Tue
localhost:3000,/login,POST,2024-11-26 10:53:43 Tue
localhost:3000,/login,POST,2024-11-26 10:53:45 Tue
localhost:3000,/login,POST,2024-11-26 10:53:46 Tue
<<<<<<< HEAD
localhost:3000,/favicon.ico,GET,2024-11-26 15:51:45 Tue
localhost:3000,/login,POST,2024-11-26 15:52:04 Tue
localhost:3000,/login,POST,2024-11-26 15:52:05 Tue
localhost:3000,/login,POST,2024-11-26 15:52:06 Tue
localhost:3000,/login,POST,2024-11-26 15:52:07 Tue
localhost:3000,/login,POST,2024-11-26 15:52:13 Tue
localhost:3000,/login,POST,2024-11-26 15:52:30 Tue
localhost:3000,/login,POST,2024-11-26 15:52:30 Tue
localhost:3000,/login,POST,2024-11-26 15:52:31 Tue
localhost:3000,/login,POST,2024-11-26 15:52:31 Tue
localhost:3000,/login,POST,2024-11-26 15:52:33 Tue
localhost:3000,/login,POST,2024-11-26 15:52:33 Tue
localhost:3000,/login,POST,2024-11-26 15:52:34 Tue
localhost:3000,/login,POST,2024-11-26 15:52:35 Tue
localhost:3000,/login,POST,2024-11-26 15:52:37 Tue
localhost:3000,/login,POST,2024-11-26 15:52:37 Tue
localhost:3000,/login,POST,2024-11-26 15:52:39 Tue
localhost:3000,/login,POST,2024-11-26 15:52:39 Tue
localhost:3000,/login,POST,2024-11-26 15:52:41 Tue
localhost:3000,/login,POST,2024-11-26 15:52:42 Tue
localhost:3000,/login,POST,2024-11-26 15:52:43 Tue
localhost:3000,/login,POST,2024-11-26 15:52:43 Tue
localhost:3000,/login,POST,2024-11-26 15:52:44 Tue
localhost:3000,/login,POST,2024-11-26 15:52:45 Tue
localhost:3000,/login,POST,2024-11-26 15:52:46 Tue
localhost:3000,/login,POST,2024-11-26 15:52:48 Tue
localhost:3000,/login,POST,2024-11-26 15:52:48 Tue
localhost:3000,/login,POST,2024-11-26 15:52:50 Tue
localhost:3000,/login,POST,2024-11-26 15:52:51 Tue
localhost:3000,/login,POST,2024-11-26 15:52:53 Tue
localhost:3000,/login,POST,2024-11-26 15:52:54 Tue
localhost:3000,/login,POST,2024-11-26 15:52:55 Tue
localhost:3000,/login,POST,2024-11-26 15:52:55 Tue
localhost:3000,/register,POST,2024-11-26 15:54:13 Tue
localhost:3000,/register,POST,2024-11-26 15:54:16 Tue
localhost:3000,/register,POST,2024-11-26 15:54:19 Tue
localhost:3000,/register,POST,2024-11-26 15:54:20 Tue
localhost:3000,/register,POST,2024-11-26 15:54:20 Tue
localhost:3000,/login,POST,2024-11-26 15:54:39 Tue
localhost:3000,/login,POST,2024-11-26 15:54:41 Tue
localhost:3000,/login,POST,2024-11-26 15:54:44 Tue
localhost:3000,/login,POST,2024-11-26 15:54:47 Tue
localhost:3000,/login,POST,2024-11-26 15:54:49 Tue
localhost:3000,/login,POST,2024-11-26 15:54:52 Tue
localhost:3000,/login,POST,2024-11-26 15:54:54 Tue
localhost:3000,/login,POST,2024-11-26 15:54:58 Tue
localhost:3000,/login,POST,2024-11-26 15:55:00 Tue
localhost:3000,/login,POST,2024-11-26 15:55:02 Tue
localhost:3000,/login,POST,2024-11-26 15:55:04 Tue
localhost:3000,/login,POST,2024-11-26 15:55:06 Tue
localhost:3000,/,GET,2024-11-26 20:36:35 Tue
localhost:3000,/favicon.ico,GET,2024-11-26 20:36:36 Tue
localhost:3000,/,GET,2024-11-26 20:36:40 Tue
localhost:3000,/inspect,GET,2024-11-26 20:36:41 Tue
localhost:3000,/status,GET,2024-11-26 20:36:42 Tue
localhost:3000,/,GET,2024-11-26 20:37:44 Tue
localhost:3000,/favicon.ico,GET,2024-11-26 20:37:44 Tue
localhost:3000,/,GET,2024-11-26 20:37:47 Tue
localhost:3000,/,GET,2024-11-26 20:37:48 Tue
localhost:3000,/,GET,2024-11-26 21:30:50 Tue
localhost:3000,/favicon.ico,GET,2024-11-26 21:30:50 Tue
localhost:3000,/,GET,2024-11-26 21:30:52 Tue
localhost:3000,/inspect,GET,2024-11-26 21:30:54 Tue
localhost:3000,/status,GET,2024-11-26 21:30:55 Tue
localhost:3000,/inspect,GET,2024-11-26 21:30:57 Tue
localhost:3000,/,GET,2024-11-26 21:30:58 Tue
localhost:3000,/favicon.ico,GET,2024-11-27 09:32:49 Wed
localhost:3000,/register,POST,2024-11-27 09:33:30 Wed
localhost:3000,/login,POST,2024-11-27 09:33:41 Wed
localhost:3000,/login,POST,2024-11-27 09:33:43 Wed
localhost:3000,/login,POST,2024-11-27 09:33:44 Wed
localhost:3000,/login,POST,2024-11-27 09:33:45 Wed
localhost:3000,/login,POST,2024-11-27 09:33:46 Wed
localhost:3000,/login,POST,2024-11-27 09:33:47 Wed
localhost:3000,/login,POST,2024-11-27 09:33:47 Wed
localhost:3000,/login,POST,2024-11-27 09:33:49 Wed
localhost:3000,/login,POST,2024-11-27 09:33:50 Wed
localhost:3000,/login,POST,2024-11-27 09:33:51 Wed
localhost:3000,/login,POST,2024-11-27 09:33:52 Wed
localhost:3000,/login,POST,2024-11-27 09:33:53 Wed
localhost:3000,/login,POST,2024-11-27 09:33:54 Wed
localhost:3000,/login,POST,2024-11-27 09:33:55 Wed
localhost:3000,/login,POST,2024-11-27 09:33:56 Wed
localhost:3000,/login,POST,2024-11-27 09:33:56 Wed
localhost:3000,/login,POST,2024-11-27 09:33:58 Wed
localhost:3000,/login,POST,2024-11-27 09:33:59 Wed
localhost:3000,/login,POST,2024-11-27 09:34:00 Wed
localhost:3000,/login,POST,2024-11-27 09:34:01 Wed
localhost:3000,/login,POST,2024-11-27 09:34:06 Wed
localhost:3000,/login,POST,2024-11-27 09:34:07 Wed
localhost:3000,/login,POST,2024-11-27 09:34:09 Wed
localhost:3000,/login,POST,2024-11-27 09:34:09 Wed
localhost:3000,/register,POST,2024-11-27 09:35:45 Wed
localhost:3000,/login,POST,2024-11-27 09:35:56 Wed
localhost:3000,/login,POST,2024-11-27 09:35:57 Wed
localhost:3000,/login,POST,2024-11-27 09:35:58 Wed
localhost:3000,/login,POST,2024-11-27 09:35:58 Wed
localhost:3000,/login,POST,2024-11-27 09:36:00 Wed
localhost:3000,/login,POST,2024-11-27 09:36:01 Wed
localhost:3000,/login,POST,2024-11-27 09:36:02 Wed
localhost:3000,/login,POST,2024-11-27 09:36:03 Wed
localhost:3000,/login,POST,2024-11-27 09:36:04 Wed
localhost:3000,/login,POST,2024-11-27 09:36:05 Wed
localhost:3000,/login,POST,2024-11-27 09:36:06 Wed
localhost:3000,/login,POST,2024-11-27 09:36:07 Wed
localhost:3000,/login,POST,2024-11-27 09:36:08 Wed
localhost:3000,/login,POST,2024-11-27 09:36:09 Wed
localhost:3000,/login,POST,2024-11-27 09:36:10 Wed
localhost:3000,/login,POST,2024-11-27 09:36:11 Wed
localhost:3000,/login,POST,2024-11-27 09:36:12 Wed
localhost:3000,/login,POST,2024-11-27 09:36:14 Wed
localhost:3000,/login,POST,2024-11-27 09:36:14 Wed
localhost:3000,/login,POST,2024-11-27 09:36:16 Wed
localhost:3000,/login,POST,2024-11-27 09:36:16 Wed
localhost:3000,/login,POST,2024-11-27 09:36:17 Wed
localhost:3000,/login,POST,2024-11-27 09:36:18 Wed
localhost:3000,/login,POST,2024-11-27 09:36:21 Wed
localhost:3000,/login,POST,2024-11-27 09:36:23 Wed
localhost:3000,/login,POST,2024-11-27 09:36:24 Wed
localhost:3000,/login,POST,2024-11-27 09:36:25 Wed
localhost:3000,/login,POST,2024-11-27 09:36:26 Wed
localhost:3000,/login,POST,2024-11-27 09:36:27 Wed
localhost:3000,/login,POST,2024-11-27 09:36:28 Wed
localhost:3000,/login,POST,2024-11-27 09:36:29 Wed
localhost:3000,/login,POST,2024-11-27 09:36:30 Wed
localhost:3000,/login,POST,2024-11-27 09:36:31 Wed
localhost:3000,/login,POST,2024-11-27 09:36:32 Wed
localhost:3000,/login,POST,2024-11-27 09:36:33 Wed
localhost:3000,/login,POST,2024-11-27 09:36:33 Wed
localhost:3000,/login,POST,2024-11-27 09:36:35 Wed
localhost:3000,/login,POST,2024-11-27 09:36:35 Wed
localhost:3000,/login,POST,2024-11-27 09:36:36 Wed
localhost:3000,/login,POST,2024-11-27 09:36:38 Wed
localhost:3000,/login,POST,2024-11-27 09:36:38 Wed
localhost:3000,/login,POST,2024-11-27 09:36:40 Wed
localhost:3000,/login,POST,2024-11-27 09:36:40 Wed
localhost:3000,/login,POST,2024-11-27 09:36:41 Wed
localhost:3000,/login,POST,2024-11-27 09:36:43 Wed
localhost:3000,/login,POST,2024-11-27 09:36:43 Wed
localhost:3000,/login,POST,2024-11-27 09:36:44 Wed
localhost:3000,/login,POST,2024-11-27 09:36:46 Wed
localhost:3000,/login,POST,2024-11-27 09:36:46 Wed
localhost:3000,/login,POST,2024-11-27 09:36:47 Wed
localhost:3000,/login,POST,2024-11-27 09:36:48 Wed
localhost:3000,/login,POST,2024-11-27 09:36:49 Wed
localhost:3000,/login,POST,2024-11-27 09:36:51 Wed
localhost:3000,/login,POST,2024-11-27 09:36:51 Wed
localhost:3000,/login,POST,2024-11-27 09:36:53 Wed
localhost:3000,/login,POST,2024-11-27 09:36:53 Wed
localhost:3000,/login,POST,2024-11-27 09:36:54 Wed
localhost:3000,/login,POST,2024-11-27 09:36:55 Wed
localhost:3000,/login,POST,2024-11-27 09:36:56 Wed
localhost:3000,/login,POST,2024-11-27 09:36:57 Wed
localhost:3000,/login,POST,2024-11-27 09:36:58 Wed
localhost:3000,/login,POST,2024-11-27 09:37:00 Wed
localhost:3000,/login,POST,2024-11-27 09:37:00 Wed
localhost:3000,/login,POST,2024-11-27 09:37:01 Wed
localhost:3000,/login,POST,2024-11-27 09:37:02 Wed
localhost:3000,/login,POST,2024-11-27 09:37:04 Wed
localhost:3000,/login,POST,2024-11-27 09:37:05 Wed
localhost:3000,/login,POST,2024-11-27 09:37:06 Wed
localhost:3000,/login,POST,2024-11-27 09:37:07 Wed
localhost:3000,/login,POST,2024-11-27 09:37:09 Wed
localhost:3000,/login,POST,2024-11-27 09:37:09 Wed
localhost:3000,/login,POST,2024-11-27 09:37:10 Wed
localhost:3000,/login,POST,2024-11-27 09:37:11 Wed
localhost:3000,/login,POST,2024-11-27 09:37:12 Wed
localhost:3000,/login,POST,2024-11-27 09:37:14 Wed
localhost:3000,/login,POST,2024-11-27 09:37:16 Wed
localhost:3000,/login,POST,2024-11-27 09:37:16 Wed
localhost:3000,/login,POST,2024-11-27 09:37:18 Wed
localhost:3000,/login,POST,2024-11-27 09:37:18 Wed
localhost:3000,/login,POST,2024-11-27 09:37:20 Wed
localhost:3000,/login,POST,2024-11-27 09:37:20 Wed
localhost:3000,/login,POST,2024-11-27 09:37:22 Wed
localhost:3000,/login,POST,2024-11-27 09:37:22 Wed
localhost:3000,/login,POST,2024-11-27 09:37:23 Wed
localhost:3000,/login,POST,2024-11-27 09:37:24 Wed
localhost:3000,/login,POST,2024-11-27 09:37:26 Wed
localhost:3000,/login,POST,2024-11-27 09:37:27 Wed
localhost:3000,/login,POST,2024-11-27 09:37:28 Wed
localhost:3000,/login,POST,2024-11-27 09:37:29 Wed
localhost:3000,/login,POST,2024-11-27 09:37:29 Wed
localhost:3000,/register,POST,2024-11-27 09:38:22 Wed
localhost:3000,/login,POST,2024-11-27 09:38:40 Wed
localhost:3000,/login,POST,2024-11-27 09:38:43 Wed
localhost:3000,/login,POST,2024-11-27 09:38:43 Wed
localhost:3000,/login,POST,2024-11-27 09:38:45 Wed
localhost:3000,/login,POST,2024-11-27 09:38:46 Wed
localhost:3000,/login,POST,2024-11-27 09:38:47 Wed
localhost:3000,/login,POST,2024-11-27 09:38:48 Wed
localhost:3000,/login,POST,2024-11-27 09:38:49 Wed
localhost:3000,/login,POST,2024-11-27 09:38:51 Wed
localhost:3000,/login,POST,2024-11-27 09:38:52 Wed
localhost:3000,/login,POST,2024-11-27 09:38:53 Wed
localhost:3000,/login,POST,2024-11-27 09:38:55 Wed
localhost:3000,/login,POST,2024-11-27 09:38:59 Wed
localhost:3000,/login,POST,2024-11-27 09:39:00 Wed
localhost:3000,/login,POST,2024-11-27 09:39:01 Wed
localhost:3000,/login,POST,2024-11-27 09:39:03 Wed
localhost:3000,/login,POST,2024-11-27 09:39:04 Wed
localhost:3000,/login,POST,2024-11-27 09:39:06 Wed
localhost:3000,/login,POST,2024-11-27 09:39:07 Wed
localhost:3000,/login,POST,2024-11-27 09:39:11 Wed
localhost:3000,/login,POST,2024-11-27 09:39:13 Wed
localhost:3000,/login,POST,2024-11-27 09:39:15 Wed
localhost:3000,/login,POST,2024-11-27 09:39:16 Wed
localhost:3000,/login,POST,2024-11-27 09:39:19 Wed
localhost:3000,/login,POST,2024-11-27 09:39:19 Wed
localhost:3000,/login,POST,2024-11-27 09:39:21 Wed
localhost:3000,/login,POST,2024-11-27 09:39:24 Wed
localhost:3000,/login,POST,2024-11-27 09:39:25 Wed
localhost:3000,/login,POST,2024-11-27 09:39:27 Wed
localhost:3000,/login,POST,2024-11-27 09:39:27 Wed
localhost:3000,/login,POST,2024-11-27 09:39:29 Wed
localhost:3000,/login,POST,2024-11-27 09:39:30 Wed
localhost:3000,/login,POST,2024-11-27 09:39:32 Wed
localhost:3000,/login,POST,2024-11-27 09:39:33 Wed
localhost:3000,/login,POST,2024-11-27 09:39:35 Wed
localhost:3000,/login,POST,2024-11-27 09:39:37 Wed
localhost:3000,/register,POST,2024-11-27 09:40:48 Wed
localhost:3000,/register,POST,2024-11-27 09:40:53 Wed
localhost:3000,/login,POST,2024-11-27 09:41:27 Wed
localhost:3000,/login,POST,2024-11-27 09:41:27 Wed
localhost:3000,/login,POST,2024-11-27 09:41:28 Wed
localhost:3000,/login,POST,2024-11-27 09:41:28 Wed
localhost:3000,/login,POST,2024-11-27 09:41:29 Wed
localhost:3000,/login,POST,2024-11-27 09:41:33 Wed
localhost:3000,/login,POST,2024-11-27 09:41:33 Wed
localhost:3000,/login,POST,2024-11-27 09:41:34 Wed
localhost:3000,/login,POST,2024-11-27 09:41:35 Wed
localhost:3000,/login,POST,2024-11-27 09:41:36 Wed
localhost:3000,/login,POST,2024-11-27 09:41:37 Wed
localhost:3000,/login,POST,2024-11-27 09:41:38 Wed
localhost:3000,/login,POST,2024-11-27 09:41:39 Wed
localhost:3000,/login,POST,2024-11-27 09:41:40 Wed
localhost:3000,/login,POST,2024-11-27 09:41:41 Wed
localhost:3000,/login,POST,2024-11-27 09:41:42 Wed
localhost:3000,/favicon.ico,GET,2024-11-27 10:00:56 Wed
localhost:3000,/login,POST,2024-11-27 10:01:27 Wed
localhost:3000,/login,POST,2024-11-27 10:01:27 Wed
localhost:3000,/login,POST,2024-11-27 10:01:28 Wed
localhost:3000,/login,POST,2024-11-27 10:01:29 Wed
localhost:3000,/login,POST,2024-11-27 10:01:30 Wed
localhost:3000,/login,POST,2024-11-27 10:01:31 Wed
localhost:3000,/login,POST,2024-11-27 10:01:32 Wed
localhost:3000,/login,POST,2024-11-27 10:01:33 Wed
localhost:3000,/login,POST,2024-11-27 10:01:34 Wed
localhost:3000,/login,POST,2024-11-27 10:01:36 Wed
localhost:3000,/login,POST,2024-11-27 10:01:36 Wed
localhost:3000,/login,POST,2024-11-27 10:01:37 Wed
localhost:3000,/login,POST,2024-11-27 10:01:38 Wed
localhost:3000,/login,POST,2024-11-27 10:01:40 Wed
localhost:3000,/login,POST,2024-11-27 10:01:41 Wed
localhost:3000,/login,POST,2024-11-27 10:01:42 Wed
localhost:3000,/login,POST,2024-11-27 10:01:42 Wed
localhost:3000,/login,POST,2024-11-27 10:01:43 Wed
localhost:3000,/login,POST,2024-11-27 10:01:44 Wed
localhost:3000,/login,POST,2024-11-27 10:01:45 Wed
localhost:3000,/register,POST,2024-11-27 10:02:36 Wed
localhost:3000,/login,POST,2024-11-27 10:02:52 Wed
localhost:3000,/login,POST,2024-11-27 10:02:52 Wed
localhost:3000,/login,POST,2024-11-27 10:02:53 Wed
localhost:3000,/login,POST,2024-11-27 10:02:54 Wed
localhost:3000,/login,POST,2024-11-27 10:02:57 Wed
localhost:3000,/login,POST,2024-11-27 10:02:59 Wed
localhost:3000,/login,POST,2024-11-27 10:03:02 Wed
localhost:3000,/login,POST,2024-11-27 10:03:03 Wed
localhost:3000,/login,POST,2024-11-27 10:03:05 Wed
=======
localhost:3000,/,GET,2024-11-26 21:01:35 Tue
localhost:3000,/favicon.ico,GET,2024-11-26 21:01:35 Tue
localhost:3000,/inspect,GET,2024-11-26 21:01:44 Tue
localhost:3000,/inspect,GET,2024-11-26 21:01:45 Tue
localhost:3000,/inspect,GET,2024-11-26 21:01:46 Tue
localhost:3000,/inspect,GET,2024-11-26 21:01:46 Tue
localhost:3000,/inspect,GET,2024-11-26 21:01:46 Tue
localhost:3000,/inspect,GET,2024-11-26 21:04:32 Tue
localhost:3000,/inspect,GET,2024-11-26 21:04:33 Tue
localhost:3000,/inspect,GET,2024-11-26 21:04:34 Tue
localhost:3000,/inspect,GET,2024-11-26 21:04:34 Tue
localhost:3000,/login,POST,2024-11-26 21:05:40 Tue
localhost:3000,/login,POST,2024-11-26 21:05:40 Tue
localhost:3000,/login,POST,2024-11-26 21:05:42 Tue
localhost:3000,/login,POST,2024-11-26 21:05:42 Tue
localhost:3000,/login,POST,2024-11-26 21:05:43 Tue
>>>>>>> aedba3e89f9c747275874e43d414397de332540a
